Title,UUID,alias,"Show on AZ Index"
"National Library of Medicine",310d16d4-012a-4d52-b862-0c9a709ea585,/agencies/national-library-of-medicine,1
"National Center for Complementary and Integrative Health",853a1374-37a5-4989-8a35-363e868fe713,/agencies/national-center-for-complementary-and-integrative-health,1
"U.S. Cyber Command",f7119bca-6f3b-4e50-897c-73c410c6efb4,/agencies/u-s-cyber-command,1
"U.S. Space Command",b9587cbe-be28-4205-bdb8-7c5f342f2d31,/agencies/u-s-space-command,1
"U.S. Africa Command",2bb6f696-e110-4a37-8e75-7d62d5428da6,/agencies/u-s-africa-command,1
"Office on Violence Against Women",5f68314a-776f-41d7-975a-8d80d8c4f146,/agencies/office-on-violence-against-women,1
"Drinking Water Hotline",9d2f6dcd-2ee0-439e-8af2-b1a2d0fe39a8,/agencies/drinking-water-hotline,
"Federal Court Interpreters",c005c4ee-f4cd-46d3-a2ed-b86cf4b832aa,/agencies/federal-court-interpreters,1
"Office of Inspector General, Department of Defense",7d802688-5800-4c49-9d0e-cc2771f22bc5,/agencies/office-of-inspector-general-department-of-defense,
"Office of Immigrant and Employee Rights",ec8b1c34-3e1d-4bf9-a675-5b92c7f2bf9b,/agencies/office-of-immigrant-and-employee-rights,1
"National Eye Institute",7d4fcac3-5265-4141-8ee4-1dc668da8f15,/agencies/national-eye-institute,
"National Institute of Neurological Disorders and Stroke",2ff4118d-3584-4410-af88-02012ca28df7,/agencies/national-institute-of-neurological-disorders-and-stroke,1
"National Institute of Deafness and Other Communication Disorders",d7292cf5-f8e4-4d5f-9063-51c42b7ef0a4,/agencies/national-institute-of-deafness-and-other-communication-disorders,1
"National Institute of Diabetes and Digestive and Kidney Diseases",be04ac87-bcb1-4b88-b697-db264c9ecfaf,/agencies/national-institute-of-diabetes-and-digestive-and-kidney-diseases,1
"National Institute of Dental and Craniofacial Research",1ea8a10b-3d5b-4c06-bcba-e1c8a5f11169,/agencies/national-institute-of-dental-and-craniofacial-research,
"National Institute of General Medical Sciences",fc1a86fe-11d6-452f-9c07-e24a0bf2c9ec,/agencies/national-institute-of-general-medical-sciences,
"Literacy Information and Communication System",002c5ef3-7159-48e8-96e3-c112858bc81a,/agencies/literacy-information-and-communication-system,
"Wage and Hour Division",db1ea1c8-2ef8-455a-a8c5-4857c910b10d,/agencies/wage-and-hour-division,1
"Civil Rights Division, Department of Justice",da5b9fae-5cf0-4823-9be0-3cfdbb1f753e,/agencies/civil-rights-division-department-of-justice,1
"Indoor Air Quality",56775ab7-d3ed-44b0-be82-cbb733c39223,/agencies/indoor-air-quality,1
"Employer Support of the National Guard and Reserve",678a2cd0-dafc-44c9-9567-e8d62158dce1,/agencies/employer-support-of-the-national-guard-and-reserve,
"Cybersecurity and Infrastructure Security Agency",f3f7f1e7-3891-4a13-a0aa-8801a825243e,/agencies/cybersecurity-and-infrastructure-security-agency,1
"National Response Center",b203861a-df53-477b-8799-3f08558b4ab3,/agencies/national-response-center,
"National Prevention Information Network",05083ce2-ce99-4b3a-9c22-ef5b67ce0d82,/agencies/national-prevention-information-network,1
"Center for Parent Information and Resources",4bd5092c-192b-4c8b-b921-01fb0da6ad09,/agencies/center-for-parent-information-and-resources,1
"National Agricultural Library",0f3a0d3a-8d95-4782-be01-d5a1f21ac5a1,/agencies/national-agricultural-library,1
"U.S. Fire Administration",502362f0-d725-43cd-9274-de9af29f0887,/agencies/u-s-fire-administration,1
"AmeriCorps Seniors",ab2e6715-effd-408f-bc3e-928658385e85,/agencies/americorps-seniors,1
"Administración de Salud Mental y Abuso de Sustancias",39a25801-ffb3-420d-8391-17654782f4cd,/agencias/administracion-de-salud-mental-y-abuso-de-sustancias,1
"Meat and Poultry Hotline",e9f13059-f6e7-4a60-95c9-56eb51d28b01,/agencies/meat-and-poultry-hotline,1
"Delta Regional Authority",ae9708c8-0f93-4427-80a6-231eedfc8f48,/agencies/delta-regional-authority,1
"Northern Border Regional Commission",1e84875e-cbfb-48e4-9b09-548e06068bbe,/agencies/northern-border-regional-commission,1
"Office of Fair Housing and Equal Opportunity",d71afcf9-76fd-4c93-b3db-98a89240bf85,/agencies/office-of-fair-housing-and-equal-opportunity,1
"Middle East Broadcasting Networks",d3a92c38-d205-41bc-85cd-e9e3a38239f4,/agencies/middle-east-broadcasting-networks,1
"Office of Cuba Broadcasting",d8e64e3a-23c5-4dda-9580-bf439ed39a45,/agencies/office-of-cuba-broadcasting,1
"Voice of America",daf3dc58-6b1f-43d8-9f8b-8e1a03eebf34,/agencies/voice-of-america,1
"Pretrial Services Agency for the District of Columbia",3114abd3-b9ae-4a84-bcd5-c1abf073d748,/agencies/pretrial-services-agency-for-the-district-of-columbia,1
"National Heart, Lung, and Blood Institute",723c616c-e0f2-4865-81fd-7d6767016b6e,/agencies/national-heart-lung-and-blood-institute,1
"Elder Justice Initiative",f0376236-7084-4c3e-83ef-a390d02e367c,/agencies/elder-justice-initiative,1
"Oficina de Salud de las Minorías",65f5d6c1-547e-4596-8aad-efb8e2f4fffc,/agencias/oficina-de-salud-de-las-minorias,1
"Office of Minority Health",4c043c44-5c89-45c3-a0b2-935fc04cb603,/agencies/office-of-minority-health,1
"Privacy and Civil Liberties Oversight Board",4148fc2e-a66c-4049-8e8e-e392fcfd7a54,/agencies/privacy-and-civil-liberties-oversight-board,1
"Servicio de Alimentos y Nutrición",73a8048c-6157-4089-93a5-759912ad9d88,/agencias/servicio-de-alimentos-y-nutricion,1
"Instituto Nacional de Alimentos y Agricultura",fd03ba7c-df9d-42b7-a445-743e649086ad,/agencias/instituto-nacional-de-alimentos-y-agricultura,1
"Programa de Inspección de Pescados y Mariscos",b95d1993-343c-49ad-be35-8ee9b526288b,/agencias/programa-de-inspeccion-de-pescados-y-mariscos,1
"Oficina de Ayuda Federal para Estudiantes",f7385521-5bef-4683-9fe0-e27a0ec2499b,/agencias/oficina-de-ayuda-federal-para-estudiantes,1
"Oficina de Servicios de Visas",aac7614b-ded4-4b22-8aa0-57e887359c7e,/agencias/oficina-de-servicios-de-visas,1
"Administración de Control de Drogas",d183049c-7bdf-4b76-82e8-dfee747d3f12,/agencias/administracion-de-control-de-drogas,1
"Centro para la Seguridad Alimentaria y la Nutrición Aplicada",79196322-1e63-46ab-80e5-5ee8a1ab637e,/agencias/centro-para-la-seguridad-alimentaria-y-la-nutricion-aplicada,1
"Oficina para el Cumplimiento del Sustento de Menores",84ae2b5c-9fee-4b85-abe0-74425726e40d,/agencias/oficina-para-el-cumplimiento-del-sustento-de-menores,1
"Línea Nacional de Niños Fugitivos",8af896c6-dc8f-4318-bf38-28ec65e41122,/agencias/linea-nacional-de-ninos-fugitivos,1
"Línea Nacional de Prevención de Enfermedades de Transmisión Sexual",43ba646c-a621-4a53-af3d-c400ab8064c8,/agencias/linea-nacional-de-prevencion-de-enfermedades-de-transmision-sexual,1
infoSIDA,4203e4a4-3e81-44d6-a3ef-d02f302be963,/agencias/infosida,1
"Consejo Presidencial sobre Aptitud Física, Deportes y Nutrición",cd08eb0e-37a9-4d02-8d23-aae9d2b46635,/agencias/consejo-presidencial-sobre-aptitud-fisica-deportes-y-nutricion,1
"Administración de Incendios de Estados Unidos",53dbead0-424b-409b-a7f3-91d860b040d4,/agencias/administracion-de-incendios-de-estados-unidos,1
"Oficina de Equidad de Vivienda e Igualdad de Oportunidades",997dbdba-e007-4b35-9860-d14bc7d37549,/agencias/oficina-de-equidad-de-vivienda-e-igualdad-de-oportunidades,1
"Oficina de Planificación y Desarrollo Comunitario",a430c0d3-da8e-48e9-b18c-e7b3c30f320b,/agencias/oficina-de-planificacion-y-desarrollo-comunitario,1
"Comisión Federal de Educación Financiera",7238f8ee-6502-4a54-8a4d-aab5310b0745,/agencias/comision-federal-de-educacion-financiera,1
"Oficina del Contralor de la Moneda",a62d9699-2a9f-4a80-8e08-7a832525c5fc,/agencias/oficina-del-contralor-de-la-moneda,1
"Sección de Horas y Sueldos",5057cc95-f177-4381-a3b5-6d9910cc7145,/agencias/seccion-de-horas-y-sueldos,1
"Agencia Central de Inteligencia",618be183-0d6b-4c80-a8ef-e785275f3bd1,/agencias/agencia-central-de-inteligencia,1
"Cuerpo de Infantería de Marina de Estados Unidos",30a9c4ab-9222-45ea-8da2-d1d383062bc3,/agencias/cuerpo-de-infanteria-de-marina-de-estados-unidos,1
"Oficina de Control de las Normas de Seguridad y Medio Ambiente",c6e037b0-5bf7-4071-84cd-00dcdae050a3,/agencias/oficina-de-control-de-las-normas-de-seguridad-y-medio-ambiente,1
"Oficina para la Protección Financiera del Consumidor",2822a1e7-a4f4-40a5-97b9-2df0e73451c8,/agencias/oficina-para-la-proteccion-financiera-del-consumidor,1
"Buró Federal de Investigaciones",eb779b9c-f9bc-4d9a-be9c-a4c0406dd233,/agencias/buro-federal-de-investigaciones,1
"Oficina del Inspector General del Departamento de Defensa",0f409488-69ed-4c9f-b696-2f1d9c78e213,/agencias/oficina-del-inspector-general-del-departamento-de-defensa,1
"Centros de Servicios de Medicare y Medicaid",094c4102-1757-45c0-bd55-ab7297ba7ab9,/agencias/centros-de-servicios-de-medicare-y-medicaid,1
"Defense Logistics Agency",f7925e40-bb4d-49dd-ba05-9afc57d932d5,/agencies/defense-logistics-agency,1
"Defense Intelligence Agency",12ff83f0-9c17-41b4-88fc-30dae3bdc2ac,/agencies/defense-intelligence-agency,1
"Energy Star Program",69dceaf2-3ae0-423c-9de0-dcf5dccda4c8,/agencies/energy-star-program,1
"Oficina de Aduanas y Protección Fronteriza de Estados Unidos",a59f5b6f-877e-4e71-81cb-b2e1058f0a6d,/agencias/oficina-de-aduanas-y-proteccion-fronteriza-de-estados-unidos,1
"Joint Chiefs of Staff",13c9b4d5-2992-44a1-943d-ee2ec5649eb0,/agencies/joint-chiefs-of-staff,1
"U.S. Parole Commission",953ef04c-d260-4106-847f-fba6d90785a4,/agencies/u-s-parole-commission,1
"Social Security Administration",a9dc9e6d-3513-426b-a12a-846b6bd360e0,/agencies/social-security-administration,1
"Administración Nacional de Archivos y Registros",d91d45a2-c3d1-43ea-bc86-fa85338af031,/agencias/administracion-nacional-de-archivos-y-registros,1
"Export-Import Bank of the United States",da7f736a-5677-4407-a9f6-22d507e09a3d,/agencies/export-import-bank-of-the-united-states,1
"Defense Security Cooperation Agency",8b5837dc-ac91-474a-8af5-6bb80d7d37fc,/agencies/defense-security-cooperation-agency,1
"Federal Aviation Administration",16aab992-6522-4146-acb9-a650464508bd,/agencies/federal-aviation-administration,1
"Ejército de Estados Unidos",c4c55ef9-e78c-4d6e-b1aa-3fa4e7b7f096,/agencias/ejercito-de-estados-unidos,1
"Joint Fire Science Program",87570c50-52bc-42c2-b5b1-1b5236799386,/agencies/joint-fire-science-program,1
"Pipeline and Hazardous Materials Safety Administration",aef44e03-5625-484e-9290-a957cc19aa39,/agencies/pipeline-and-hazardous-materials-safety-administration,1
"Administration for Native Americans",4ffec49c-18e2-4151-ba42-f160eae3ab78,/agencies/administration-for-native-americans,1
"Oficina de Asuntos Indígenas",2f4a0a19-33bb-461c-9f6d-86be1a031c1e,/agencias/oficina-de-asuntos-indigenas,1
"Federal Election Commission",78e3a32a-c9f7-4370-98bf-72056b3933bf,/agencies/federal-election-commission,1
"Defense Technical Information Center",7a795c73-e7e8-4642-954c-5712598dd101,/agencies/defense-technical-information-center,1
"Federal Housing Administration",785bc170-8a14-40b0-9c97-7443de919594,/agencies/federal-housing-administration,1
"Administración Federal de Seguridad de Autotransportes",85d298df-35e8-4a1e-9d67-c87ce74d2451,/agencias/administracion-federal-de-seguridad-de-autotransportes,1
"National Intelligence University",053fab92-8f32-4414-9a5c-ab5f3f1c6c04,/agencies/national-intelligence-university,1
"Political Affairs",d38cb015-0cf3-462f-ba1e-a032434007f0,/agencies/political-affairs,1
"Administrative Conference of the United States",b9a7146e-5c81-4044-bce1-fba898e909f8,/agencies/administrative-conference-of-the-united-states,1
"Institutos Nacionales de la Salud",355e4a00-a0ed-4677-b4e0-e8191d2c0981,/agencias/institutos-nacionales-de-la-salud,1
"Federal Home Loan Mortgage Corporation  (Freddie Mac)",438349d4-d3a5-4477-a905-99f35b270a4b,/agencies/federal-home-loan-mortgage-corporation-freddie-mac,1
"Delaware River Basin Commission",36bd70b4-6ba0-4260-954c-9c5bedc2bbb7,/agencies/delaware-river-basin-commission,1
"FEMA Disaster Assistance",a49c6645-05ce-4a2e-9f98-2c30e77fc006,/agencies/fema-disaster-assistance,
"Corporación para Garantizar los Beneficios de las Pensiones",43d14d2e-d250-4f43-86e4-f36c307b7f1e,/agencias/corporacion-para-garantizar-los-beneficios-de-las-pensiones,1
"Judicial Panel on Multidistrict Litigation",37fb35b7-3881-4458-8953-356a5f5116ea,/agencies/judicial-panel-on-multidistrict-litigation,1
"Power Administrations",452d68ad-2d0c-4c62-8857-98e6de7c0c5b,/agencies/power-administrations,1
"Agency for Healthcare Research and Quality",18adabab-5744-4feb-ad4f-05e8994df30a,/agencies/agency-for-healthcare-research-and-quality,1
"Oficina Nacional de Administración Oceánica y Atmosférica",da728b83-a061-44be-b5ff-bacdb985ced6,/agencias/oficina-nacional-de-administracion-oceanica-y-atmosferica,1
"Federal Labor Relations Authority",def58627-8fe9-40a8-8bdc-c48c740317ad,/agencies/federal-labor-relations-authority,1
"U.S. Department of Defense",d5ff8597-47e2-4d93-9821-dd32716aef9d,/agencies/u-s-department-of-defense,1
"Food and Drug Administration",bf317bde-fa1a-433e-92e6-cdd94fd96544,/agencies/food-and-drug-administration,1
"Biblioteca Nacional de Agricultura",d48aa377-577a-42d7-9a6a-58062756921e,/agencias/biblioteca-nacional-de-agricultura,1
"Office of Lead Hazard Control and Healthy Homes",70fb5c58-0f6e-420c-a73b-6e316860851c,/agencies/office-of-lead-hazard-control-and-healthy-homes,1
"Defense POW/MIA Accounting Agency",9f890d23-88a1-4af7-b215-aef3407f2b6b,/agencies/defense-pow/mia-accounting-agency,1
"Agricultural Marketing Service",d64c8e1a-cef2-4996-a02f-b04c7d0f416c,/agencies/agricultural-marketing-service,1
"Oficina de Derechos de Inmigrantes y Empleados",a447d5b6-3512-450f-82f9-c90e593bea91,/agencias/oficina-de-derechos-de-inmigrantes-y-empleados,1
"Federal Mine Safety and Health Review Commission",63d8c87e-9098-4c58-8913-b82eee0a18f4,/agencies/federal-mine-safety-and-health-review-commission,1
"Office of Local Defense Community Cooperation",581b9a5e-648a-4902-a7e2-ea26ac61d993,/agencies/office-of-local-defense-community-cooperation,1
"Department of Agriculture General Information Line",48d6d158-30be-4bfc-af79-78ab249650cf,/agencies/department-of-agriculture-general-information-line,
"Biblioteca Nacional de Medicina",5f51ff79-35fd-4105-8d01-5443526b6fb9,/agencias/biblioteca-nacional-de-medicina,1
"U.S. Marine Corps",93cca0c7-a68b-4958-8b3e-9752695aaf37,/agencies/u-s-marine-corps,1
"Public Diplomacy and Public Affairs",3052efc6-2658-43a3-b1cd-a6ca07652139,/agencies/public-diplomacy-and-public-affairs,1
"U.S. Air Force",ba7bcaa8-127e-4206-b32c-1d1dd673d706,/agencies/u-s-air-force,1
"Administración de Seguridad y Salud Ocupacional",b27732d1-c046-4d85-81b5-256f69d954c5,/agencias/administracion-de-seguridad-y-salud-ocupacional,1
"Institute of Museum and Library Services",6ca248ec-5895-43b3-b244-b6cb04d4a729,/agencies/institute-of-museum-and-library-services,1
"Economic Research Service",db5b6bee-492f-4be4-b6ba-cb896ceae28d,/agencies/economic-research-service,1
"Internal Revenue Service",698c1dda-30df-4f3e-990b-4c9b5d819d7f,/agencies/internal-revenue-service,1
"Instituto Nacional del Cáncer",956c8f0d-5c9f-4e8e-ba6e-1c977e03adc6,/agencias/instituto-nacional-del-cancer,1
"Maritime Administration",64b34b01-cfab-4f5e-9b86-3008eea3cbf7,/agencies/maritime-administration,1
"Radio Free Europe and Radio Liberty",efb829e9-ce01-4f01-8f59-7c557182131f,/agencies/radio-free-europe-and-radio-liberty,1
"Alcohol and Tobacco Tax and Trade Bureau",3e62aeef-d89b-4175-9f99-5e6b95135309,/agencies/alcohol-and-tobacco-tax-and-trade-bureau,1
"Oficina de Patentes y Marcas Registradas",14c1ea13-847b-4f3f-b8cd-46d469f984b2,/agencias/oficina-de-patentes-y-marcas-registradas,1
"Medicare Payment Advisory Commission",abfce0bb-810c-4e98-9971-e8ff4fdef1e2,/agencies/medicare-payment-advisory-commission,1
"Energy Information Administration",4d7b8070-82da-4920-94b1-b784e06acbad,/agencies/energy-information-administration,1
"National Cemetery Administration",54b3a8eb-f203-47c6-ba54-338e6896de4f,/agencies/national-cemetery-administration,1
"Centros para el Control y la Prevención de Enfermedades – CDC",55671743-1c80-42f6-aaec-65aeaba61802,/agencias/centros-para-el-control-y-la-prevencion-de-enfermedades-cdc,1
"Migratory Bird Conservation Commission",94b6a019-f258-464a-9a1b-7312a144d784,/agencies/migratory-bird-conservation-commission,1
"Rehabilitation Services Administration",9879df81-d772-49cd-b1b8-055b78e7b674,/agencies/rehabilitation-services-administration,1
"Animal and Plant Health Inspection Service",1dee8903-9403-4205-988d-beb4ece99a4f,/agencies/animal-and-plant-health-inspection-service,1
"Servicio Federal de Pesca y Vida Silvestre",d9971a74-72c2-4c49-bd58-d7316ccea8e1,/agencias/servicio-federal-de-pesca-y-vida-silvestre,1
"National Capital Planning Commission",64b9274f-ac47-4b13-976b-7c67a22295bd,/agencies/national-capital-planning-commission,1
"Office of Environmental Management",7baf2d65-0f28-42b2-9380-1b97a2431134,/agencies/office-of-environmental-management,1
"National Flood Insurance Program",849dac6b-34d4-4a79-97f0-f4cf8b2757b9,/agencies/national-flood-insurance-program,1
"Centro de Información y Recursos para Padres",08e830fd-43a7-4de3-a381-fb597742be28,/agencias/centro-de-informacion-y-recursos-para-padres,1
"Millennium Challenge Corporation",af90ccc2-3040-4fcf-bea1-460de645b2d8,/agencies/millennium-challenge-corporation,1
"Risk Management Agency",67008c57-ae1a-4c46-8569-9739435da211,/agencies/risk-management-agency,1
"U.S. Arctic Research Commission",6fe8ffbe-21bb-4fe1-b696-d4cc69e08d44,/agencies/u-s-arctic-research-commission,1
"Comisión de Seguridad de Productos del Consumidor de Estados Unidos",3c974b76-1c18-476f-ac17-90eb3b6323a7,/agencias/comision-de-seguridad-de-productos-del-consumidor-de-estados-unidos,1
"National Endowment for the Humanities",ee3fc6f3-b2f0-44c9-8ba4-d927a4a5baf5,/agencies/national-endowment-for-the-humanities,1
"Executive Office for Immigration Review",28dede8b-cb02-4127-860a-b0e1d1f25852,/agencies/executive-office-for-immigration-review,1
"National Highway Traffic Safety Administration",70355d01-66ac-4818-937b-506e9df55cf2,/agencies/national-highway-traffic-safety-administration,1
"Instituto Nacional de Ciencias Médicas Generales",7df7b2ea-3ae5-4b3a-9315-9b308940d842,/agencias/instituto-nacional-de-ciencias-medicas-generales,1
"Minority Business Development Agency",77d897f8-5811-4ad1-b411-378a945a1e4a,/agencies/minority-business-development-agency,1
"Rural Development",da22b5a4-e47f-4e29-82c6-8354f72d1b95,/agencies/rural-development,1
"Arms Control and International Security",97e279f2-3558-4aaf-b41d-abb7cac5eb39,/agencies/arms-control-and-international-security,1
"Radio y TV Martí",2f73a865-e846-45ed-8948-8696335a6d4e,/agencias/radio-y-tv-marti,1
"National Transportation Safety Board",33971bdf-7c5b-4a78-ae2e-3f33334dd5e4,/agencies/national-transportation-safety-board,1
"Farm Service Agency",6dc1beb7-8df4-4074-9da4-89cd5f59b33d,/agencies/farm-service-agency,1
"National Institute of Food and Agriculture",1f5e9354-d084-48c7-9b64-5d37e0493423,/agencies/national-institute-of-food-and-agriculture,1
"Comercio Electrónico Internacional",6c5c1a42-5fec-4a66-8fc3-aa6eccbc29a5,/agencias/comercio-electronico-internacional,1
"Mississippi River Commission",802bfa3b-96ff-4873-83ac-624c569e0d34,/agencies/mississippi-river-commission,1
"Rural Utilities Service",5d650c20-63a9-4cb1-bfbe-af4017b5ac5f,/agencies/rural-utilities-service,1
"U.S. Army Corps of Engineers",799f5fa7-8269-4b93-b318-54a712bd3f97,/agencies/u-s-army-corps-of-engineers,1
"Administración de Recursos y Servicios de Salud",3b3190cd-161c-4647-afea-c390540a3cbb,/agencias/administracion-de-recursos-y-servicios-de-salud,1
"Office of Government Ethics",ca3a429f-e91f-4cbb-a5cc-96327ad18da1,/agencies/office-of-government-ethics,1
"Federal Bureau of Investigation",138e972f-e16c-460f-9820-35afe1e18f60,/agencies/federal-bureau-of-investigation,1
"National Institutes of Health",a6908fba-c7e9-4a68-9e3e-12467287d72d,/agencies/national-institutes-of-health,1
"Comisión Federal de Comunicaciones",abc384fd-3b83-48d0-bbd9-2671164fd5d5,/agencias/comision-federal-de-comunicaciones,1
"Multifamily Housing Office",b4a2bdea-275b-450e-bd51-1f6fda3c7711,/agencies/multifamily-housing-office,1
"Science Office",cf476f76-66c9-4e4b-80ae-2295bec3cfcf,/agencies/science-office,1
"U.S. Fleet Forces Command",cb826821-dbd8-4c2d-99a3-ca51a5046099,/agencies/u-s-fleet-forces-command,1
"Junta de la Reserva Federal",ec0f803d-ec1c-4b7c-a626-9a1a5d927afa,/agencias/junta-de-la-reserva-federal,1
"Peace Corps",d654c00a-af9e-49b1-8573-4c64beb9ec62,/agencies/peace-corps,1
"Federal Executive Boards",6b495360-3a1c-4b91-9d97-6dd01e943bcd,/agencies/federal-executive-boards,1
"National Pesticide Information Center",3287a5bf-fa0b-4289-8728-6011809c3b02,/agencies/national-pesticide-information-center,1
"Servicio Forestal",130f7bb9-8190-440f-a873-f6d3df0c4a4d,/agencias/servicio-forestal,1
"National Agricultural Statistics Service",bf463c12-dc00-4b82-bfff-51e7edd44d36,/agencies/national-agricultural-statistics-service,1
"U.S. Senate",437d02cf-43aa-480d-9861-ed2d03da048a,/agencies/u-s-senate,1
"Barry M. Goldwater Scholarship and Excellence in Education Program",ec5a94f8-ec90-4265-8f2a-337c8a6183e1,/agencies/barry-m-goldwater-scholarship-and-excellence-in-education-program,1
"Servicio de Inocuidad e Inspección de los Alimentos",49fb77e0-7ad5-4b70-866b-876a7c216d04,/agencias/servicio-de-inocuidad-e-inspeccion-de-los-alimentos,1
"Railroad Retirement Board",807fbc5b-281f-4c54-8cfe-18ea75c51026,/agencies/railroad-retirement-board,1
"Federal Financing Bank",4e7784d3-9812-4c46-941d-e859c23ee80d,/agencies/federal-financing-bank,1
"National Service Center for Environmental Publications",e6eb1edb-b600-47e4-949e-7c85ee8325be,/agencies/national-service-center-for-environmental-publications,
"Cámara de Representantes de Estados Unidos",24ad413b-c46d-45de-ae2d-ba753d1ed474,/agencias/camara-de-representantes-de-estados-unidos,1
"National Constitution Center",fb8ba7e6-403a-4006-8f10-21203448c9d2,/agencies/national-constitution-center,1
"Social Security Advisory Board",e4ca53ec-fe0a-4599-99d0-b53cfc9094a9,/agencies/social-security-advisory-board,1
"U.S. Botanic Garden",5760c618-e0be-41f3-8c81-1546a01e8022,/agencies/u-s-botanic-garden,1
"Administración de Seguridad en el Transporte",bfebbf93-46e1-435a-8c78-51dd9d3519d4,/agencias/administracion-de-seguridad-en-el-transporte,1
"Tennessee Valley Authority",f9ab0ed5-1ba6-4695-a3df-e6ff1a75671e,/agencies/tennessee-valley-authority,1
"Federal Highway Administration",08f3c0e7-844e-420c-b9e8-d2e84750c4b4,/agencies/federal-highway-administration,1
"Office for Civil Rights, Department of Education",cd85b2e6-c639-4f9f-8009-db3b78e41afd,/agencies/office-for-civil-rights-department-of-education,1
"Cuerpo de Paz",aa34805f-41b3-4a56-a290-6261f1af09d9,/agencias/cuerpo-de-paz,1
"National Gallery of Art",e6ab14f9-2a0d-49ed-92c5-5f5e41fc8df2,/agencies/national-gallery-of-art,1
"U.S. Southern Command",b2f552b5-fefa-49df-a6cd-de5cb3d0d543,/agencies/u-s-southern-command,1
"Consumer Financial Protection Bureau",96c632ee-53c9-494b-855a-8fe1cebcd872,/agencies/consumer-financial-protection-bureau,1
"Administración del Seguro Social",ef641a63-a902-4586-8a2a-6389eaf7ad32,/agencias/administracion-del-seguro-social,1
"U.S. Election Assistance Commission",1d3eead2-af53-41e5-b021-0c4f80e92c10,/agencies/u-s-election-assistance-commission,1
"Federal Interagency Council on Statistical Policy",db390e8e-da66-419b-aad7-dda133f757e4,/agencies/federal-interagency-council-on-statistical-policy,1
"Office of Disability Employment Policy",d8e7fbe1-79c7-4eef-8ebf-8dbe66415fb4,/agencies/office-of-disability-employment-policy,1
"Instituto Nacional de Investigación Dental y Craneofacial",2003111b-e92b-40ba-ba61-3f87c32fdaf8,/agencias/instituto-nacional-de-investigacion-dental-y-craneofacial,1
"National Guard",828fca81-b3c5-45d1-91c6-c972a3483ff8,/agencies/national-guard,1
"U.S. Special Operations Command",9fc25ea3-59f4-4b62-9a71-7e8e46ae2ba7,/agencies/u-s-special-operations-command,1
"Bureau of Indian Affairs",86ab1087-d1bd-47db-a6ae-6e3de7c45ac1,/agencies/bureau-of-indian-affairs,1
"Sistema de Servicio Selectivo",1eade3eb-b0a6-4960-a046-0b766ffa6cda,/agencias/sistema-de-servicio-selectivo,1
"Center for Food Safety and Applied Nutrition",c66fb6ff-c19f-4cf4-b4b6-818a296c9f0c,/agencies/center-for-food-safety-and-applied-nutrition,1
"Federal Laboratory Consortium for Technology Transfer",445c2a8c-ec66-4b63-98d6-da3a8f54971b,/agencies/federal-laboratory-consortium-for-technology-transfer,1
"Office of Personnel Management",97febc8c-1147-4755-b994-16c51b04a35d,/agencies/office-of-personnel-management,1
"Departamento de Comercio",258aa58a-94e4-464e-a4be-407eaf879a95,/agencias/departamento-de-comercio,1
"National Institute of Justice",4185d66d-f5fa-436c-899a-ed9dda8cb684,/agencies/national-institute-of-justice,1
"Stennis Center for Public Service",1b775a50-4d6b-4bb4-a258-7ca579cf9bcb,/agencies/stennis-center-for-public-service,1
"Bureau of International Labor Affairs",10ad0f6d-419f-47f0-9e23-cf4f2017801c,/agencies/bureau-of-international-labor-affairs,1
"Museos y Galerías Smithsonian",f877b9b2-331e-4607-8b07-75499ac325ab,/agencias/museos-y-galerias-smithsonian,1
"Antitrust Division",adb98e03-ad2d-4789-b508-f32a500bd534,/agencies/antitrust-division,1
"Federal Library and Information Center Committee",ce27bc61-d00b-4058-9493-f8b557d73d78,/agencies/federal-library-and-information-center-committee,1
"Office of Public Inquiries and Communications Support",e4a14dbf-6942-4d68-a8a0-388b613b71ae,/agencies/office-of-public-inquiries-and-communications-support,
"Departamento de Educación",cbaaf8ce-82b2-473d-88b7-f15cfc5f7af0,/agencias/departamento-de-educacion,1
"National Interagency Fire Center",c6038d45-a295-4872-a246-4c815d32e541,/agencies/national-interagency-fire-center,1
"Substance Abuse and Mental Health Services Administration",8bdba1e6-3dc9-4b94-945b-69b142893d75,/agencies/substance-abuse-and-mental-health-services-administration,1
"Bureau of Land Management",e5d84692-d58b-40fa-aa11-ff7b9f15376e,/agencies/bureau-of-land-management,1
"Agencia para Sustancias Tóxicas y el Registro de Enfermedades",caaace58-6f25-41d4-97c5-8441d71c4118,/agencias/agencia-para-sustancias-toxicas-y-el-registro-de-enfermedades,1
"U.S. Department of Justice",fdf4432c-9be5-46db-9b94-d55aeaf061fb,/agencies/u-s-department-of-justice,1
"Federal Motor Carrier Safety Administration",b4657180-53d6-47e1-aac3-34f7a4be32b0,/agencies/federal-motor-carrier-safety-administration,1
"Office of the Comptroller of the Currency",073680b2-cf5e-44f7-a153-cf8837cb3aeb,/agencies/office-of-the-comptroller-of-the-currency,1
"Departamento de Estado",ebd6ff88-b09d-4aaa-9153-bc25706a9c26,/agencias/departamento-de-estado,1
"National Labor Relations Board",d9e68d68-d6b2-4457-b6af-509124e11211,/agencies/national-labor-relations-board,1
"Office of Surface Mining, Reclamation and Enforcement",91a1d936-4420-4621-b176-e2d67cb75400,/agencies/office-of-surface-mining-reclamation-and-enforcement,1
"Bureau of Reclamation",a24541c4-5d1b-4298-9677-090bb526a975,/agencies/bureau-of-reclamation,1
"Corte Suprema de Estados Unidos",6b8a50cf-c6b8-475c-bda7-cb166b9f4e3b,/agencias/corte-suprema-de-estados-unidos,1
"Office of Juvenile Justice and Delinquency Prevention",94b45e4a-149d-4927-b1de-2024efdeb24a,/agencies/office-of-juvenile-justice-and-delinquency-prevention,1
"Federal Retirement Thrift Investment Board",49989c75-9684-4846-802e-e5da982a46da,/agencies/federal-retirement-thrift-investment-board,1
"American Citizens Services and Crisis Management",29f8bad3-6119-4f92-86a7-b73c1443f963,/agencies/american-citizens-services-and-crisis-management,
"Departamento de Justicia",08ef50a5-bd9c-46ea-a28a-d883bc256be5,/agencias/departamento-de-justicia,1
"National Mediation Board",acee3539-7999-4615-bf94-35edab957209,/agencies/national-mediation-board,1
"Susquehanna River Basin Commission",a8647afd-ca87-49cd-a935-dc868ad50175,/agencies/susquehanna-river-basin-commission,1
"Centers for Medicare and Medicaid Services",9653a10b-0ab3-4d77-8de8-125215296476,/agencies/centers-for-medicare-and-medicaid-services,1
"Administración de Asuntos sobre la Vejez",28b891b8-544e-4d5a-a7d3-83e825144b91,/agencias/administracion-de-asuntos-sobre-la-vejez,1
AIDsinfo,5cc886f8-afe0-4171-959d-403d431c33a3,/agencies/aidsinfo,
"Federal Transit Administration",02eb22bb-db51-4c60-9c54-7d5ebefcb943,/agencies/federal-transit-administration,1
"Small Business Administration",f3ac1161-5696-4fe0-8ada-4eaae5f25ae1,/agencies/small-business-administration,1
"Departamento de Seguridad Nacional",272244e3-0bfd-4f78-b51d-fdcbc90e0fb1,/agencias/departamento-de-seguridad-nacional,1
"National Oceanic and Atmospheric Administration",e74a7f7c-a04b-44a5-800c-94ea52811bd6,/agencies/national-oceanic-and-atmospheric-administration,1
"Taxpayer Advocacy Panel",f3347f5a-2acc-431f-a84d-e992fc1002d1,/agencies/taxpayer-advocacy-panel,1
"Chief Acquisition Officers Council",3606002c-7cb3-498b-8d8d-0b00662106ba,/agencies/chief-acquisition-officers-council,1
"Instituto Nacional del Corazón, los Pulmones y la Sangre",8c04b5d8-733d-46be-8c1b-3802662704b1,/agencias/instituto-nacional-del-corazon-los-pulmones-y-la-sangre,1
"Aviation Consumer Protection Division",199970f3-b683-4bd2-9ad0-4af76716606e,/agencies/aviation-consumer-protection-division,
"Food Safety and Inspection Service",cab7ffb9-caa0-4eb7-a108-462e975ac70f,/agencies/food-safety-and-inspection-service,1
"Education Publications Center (EDPUBS)",86bb043f-1a09-495e-a256-741766120c59,/agencies/education-publications-center-edpubs,
"Departamento del Trabajo",fb8c4b17-26ab-4422-a599-c8c4c7aa6c83,/agencias/departamento-del-trabajo,1
"National Park Foundation",2d98b721-b783-49be-b7d6-814d710d96c2,/agencies/national-park-foundation,1
"Defense Health Agency",916a57ba-93e6-4fcf-883f-0393486f66d4,/agencies/defense-health-agency,1
"Chief Human Capital Officers Council",164578f4-254c-40c2-ab3e-8c8eab11a563,/agencies/chief-human-capital-officers-council,1
"Venta de Propiedad Federal",6c2c8b62-09d3-40f4-a82e-6f7d9bdb7902,/agencias/venta-de-propiedad-federal,1
"HIV/AIDS Prevention",8572fde4-b24f-4f64-8aed-f126004a0042,/agencies/hiv/aids-prevention,
"Foreign Claims Settlement Commission",9c098c39-3869-415f-a429-68696b1d115a,/agencies/foreign-claims-settlement-commission,1
"U.S. Commodity Futures Trading Commission",a3e86bfc-d35d-4599-8c35-57d84bbd674a,/agencies/u-s-commodity-futures-trading-commission,1
"Departamento de Asuntos de los Veteranos",3796fb7a-e4e0-4436-acd5-a7235f272b8b,/agencias/departamento-de-asuntos-de-los-veteranos,1
"National Reconnaissance Office",5efcd2a5-f306-4e68-8186-2639d890084c,/agencies/national-reconnaissance-office,1
"U.S. Immigration and Customs Enforcement",5f8cb8d4-bc1d-4951-96bb-18e8cd50156c,/agencies/u-s-immigration-and-customs-enforcement,1
"Citizens' Stamp Advisory Committee",c3499c0e-dddb-4a0e-b5c2-21991ff8e5a5,/agencies/citizens-stamp-advisory-committee,1
"Centro Nacional de Respuesta",4806ea78-602d-469b-80b8-17abba8226af,/agencias/centro-nacional-de-respuesta,1
"National Cancer Institute",5c19e61e-d5bc-4db5-9254-8d93b0da2b6a,/agencies/national-cancer-institute,1
"Office of Fossil Energy",4a69e297-dfd4-4c09-90ad-ac6ac6d8ce34,/agencies/office-of-fossil-energy,1
"U.S. Mint",6a26bb8c-7c23-499a-8ec1-ad8647afbede,/agencies/u-s-mint,1
"Corporación Federal de Seguro de Depósitos",0f93c0ae-f8fe-4fba-96b1-4370b1ba5f9f,/agencias/corporacion-federal-de-seguro-de-depositos,1
"National Security Council",0784a8c8-3f4e-478b-a4a2-d936c87f0d24,/agencies/national-security-council,1
"U.S. Military Academy, West Point",35afd33a-3d3d-4c7b-9d35-6b30fb7f4a83,/agencies/u-s-military-academy-west-point,1
"U.S. Commission on International Religious Freedom",ab855cb0-3aa6-4286-9389-84c92e536e82,/agencies/u-s-commission-on-international-religious-freedom,1
"Línea Directa de Agua Potable",99cd98fd-1700-4920-a53d-c7ebb5956f30,/agencias/linea-directa-de-agua-potable,1
"Office of Manufactured Housing Programs",a7cc4aba-7364-4056-b80a-edadc3a61255,/agencies/office-of-manufactured-housing-programs,1
"U.S. Geological Survey",b4bd8d49-f3fb-4892-a0f3-7ea99766ab37,/agencies/u-s-geological-survey,1
"U.S. Postal Inspection Service",eb03e566-6c9b-464f-9929-f9c383410966,/agencies/u-s-postal-inspection-service,1
"Oficina del Derecho de Autor",620d9868-5807-4f1e-93e0-a2828721ae60,/agencias/oficina-del-derecho-de-autor,1
"National Telecommunications and Information Administration",bb867685-8b84-4cdb-ae3c-b64adf6b98d2,/agencies/national-telecommunications-and-information-administration,1
"U.S. National Central Bureau - Interpol",5d2790c1-e04c-41df-b568-a97755ec5254,/agencies/u-s-national-central-bureau-interpol,1
"U.S. AbilityOne Commission",d896aae2-e9be-4b2a-8b46-72b3d6295555,/agencies/u-s-abilityone-commission,1
"Agencia Federal de Pequeños Negocios de Estados Unidos",208ad47b-9e65-42b4-85f9-d740530c62fa,/agencias/agencia-federal-de-pequenos-negocios-de-estados-unidos,1
"Safe Drinking Water Hotline",068d02f2-a0a1-4471-81ee-9764e185bfc0,/agencies/safe-drinking-water-hotline,
"Government National Mortgage Association (Ginnie Mae)",894abdff-0946-48c6-90b0-2d293f6ff40f,/agencies/government-national-mortgage-association-ginnie-mae,1
"Veterans Health Administration",94a04d6a-fc22-455c-91d9-67d98cb3ecce,/agencies/veterans-health-administration,1
"Instituto Nacional de la Diabetes y las Enfermedades Digestivas y Renales",888869e3-19d9-4993-86bb-5500edef4e58,/agencias/instituto-nacional-de-la-diabetes-y-las-enfermedades-digestivas-y-renales,1
"National Weather Service",40d5920a-1ea6-4803-907d-ab35d5351980,/agencies/national-weather-service,1
"U.S. Trade and Development Agency",b98a1728-62f9-48f5-a3f3-1c1451c82d16,/agencies/u-s-trade-and-development-agency,1
"Committee on Foreign Investment in the United States",efcc5975-7fa3-4522-b066-0d3b7ee7076f,/agencies/committee-on-foreign-investment-in-the-united-states,1
"Comisión de Negociación de Futuros de Productos Básicos de Estados Unidos",6a24c7e5-f76d-4444-af18-1661616d1165,/agencias/comision-de-negociacion-de-futuros-de-productos-basicos-de-estados-unidos,1
"U.S. Citizenship and Immigration Services",726ce7d9-4a69-4b4d-aa30-bd6aebb88253,/agencies/u-s-citizenship-and-immigration-services,1
"Grain Inspection, Packers and Stockyards Administration",ee8fca06-c921-4917-b033-fa44cd8bcdaf,/agencies/grain-inspection-packers-and-stockyards-administration,1
"Wireless Telecommunications Bureau",c4be6fb0-b9d4-44af-befb-5b5aa4963213,/agencies/wireless-telecommunications-bureau,1
"Comisión de Elecciones Federales",f0d849a1-7874-4068-8a6f-f27af603888a,/agencias/comision-de-elecciones-federales,1
"U.S. Navy",93adcd99-9900-447a-b7da-9a0d86ab655f,/agencies/u-s-navy,1
"Unified Combatant Commands",8090755a-853b-4fdf-b677-1783eba7299e,/agencies/unified-combatant-commands,1
"Office of Community Planning and Development",4711e357-7918-4555-8709-dc2441082348,/agencies/office-of-community-planning-and-development,1
"Consejo Nacional para la Discapacidad",48455f77-c47a-45b6-8bec-c3d8c1d5706b,/agencias/consejo-nacional-para-la-discapacidad,1
"Weights and Measures Division",0fcfd123-1216-43c7-ad10-66324e1851b2,/agencies/weights-and-measures-division,1
"Health Resources and Services Administration",ba6cc446-df98-4407-adb4-c1d9e246e226,/agencies/health-resources-and-services-administration,1
"U.S. Department of Agriculture",1dd679ff-f004-4bf5-b684-4503da72f384,/agencies/u-s-department-of-agriculture,1
"Agencia Federal para el Manejo de Emergencias",cb0cd893-20fa-4cce-bd73-da28a4ad26bb,/agencias/agencia-federal-para-el-manejo-de-emergencias,1
"Northwest Power and Conservation Council",db95aea4-8b68-4ecf-9950-5c3799e3dff3,/agencies/northwest-power-and-conservation-council,1
"Veterans' Employment and Training Service",9cf5d4a6-4b3f-41a0-9cd4-504362816285,/agencies/veterans-employment-and-training-service,1
"Congressional Budget Office",a3592e1f-6530-40bb-9d23-46119e44473d,/agencies/congressional-budget-office,1
"Federal Voting Assistance Program",df557421-0782-46b1-be15-619853afdab0,/agencies/federal-voting-assistance-program,1
"House Office of Inspector General",fced7b51-dc6a-4c5f-b833-696461325fbc,/agencies/house-office-of-inspector-general,1
"U.S. Department of Energy",2579eb59-9d7a-4c30-8ccf-1e2c6992e03d,/agencies/u-s-department-of-energy,1
"Oficina de Eficiencia Energética y Energía Renovable",b52c0de2-d577-4a93-9849-ec574ecb0775,/agencias/oficina-de-eficiencia-energetica-y-energia-renovable,1
"Washington Headquarters Services",2e8d7cf2-f935-4635-b584-a5bad998c3f6,/agencies/washington-headquarters-services,1
"Coordinating Council on Juvenile Justice and Delinquency Prevention",93e1bb92-067c-45be-b969-ad9f369b622e,/agencies/coordinating-council-on-juvenile-justice-and-delinquency-prevention,1
"Farm Credit System Insurance Corporation",d06bd1b0-08ef-45c1-8504-c6978b3ec0de,/agencies/farm-credit-system-insurance-corporation,1
"U.S. House of Representatives",1669561e-df70-4fcf-9955-37baf13db9dc,/agencies/u-s-house-of-representatives,1
"U.S. Department of Homeland Security",03502074-c1ea-4dbd-9464-701dc2393b6e,/agencies/u-s-department-of-homeland-security,1
"USAGov (antes FCIC)",07a7e541-0ed4-4394-9ff1-f5d02e3ace7f,/agencias/usagov-antes-fcic,1
"White House",e8925627-1220-4cdd-8b68-661fe97594fd,/agencies/white-house,1
"Council of Economic Advisers",831a47cc-c2d1-4ea7-9cc5-3457f282ad96,/agencies/council-of-economic-advisers,1
"Administration for Children and Families",c42c3169-e7f8-4c8c-a220-f52709282fcf,/agencies/administration-for-children-and-families,1
"Bureau of Ocean Energy Management",33523ce4-e209-417c-87e6-0baa9653ddd5,/agencies/bureau-of-ocean-energy-management,1
"Indian Arts and Crafts Board",79ad071c-9a60-4671-9145-825667092c56,/agencies/indian-arts-and-crafts-board,1
"Nuclear Waste Technical Review Board",b011bf0b-4116-4b81-a965-fbd6353c80e8,/agencies/nuclear-waste-technical-review-board,1
"U.S. Department of Labor",b03259cd-ffb5-4fad-b2c6-4c4de872875b,/agencies/u-s-department-of-labor,1
"Administración General de Servicios",c2d75032-04fb-4e81-bdc4-026e39fc728c,/agencias/administracion-general-de-servicios,1
"Women's Bureau",d17760f0-ccf1-410c-b656-908983e1c3cf,/agencies/women-s-bureau,1
"Court of Appeals for the Armed Forces",2a8ec5d7-3f3f-4a7d-974b-01e13f18338c,/agencies/court-of-appeals-for-the-armed-forces,1
"U.S. Census Bureau",45c0b543-95c4-48ae-a6c7-ccee253f7b0e,/agencies/u-s-census-bureau,1
"Office of Natural Resources Revenue",2e1ec948-0f5a-4e42-891e-6a3dc254c074,/agencies/office-of-natural-resources-revenue,1
"Dwight D. Eisenhower School for National Security and Resource Strategy",981c9ac2-2097-4061-98a6-489243cb6b6b,/agencies/dwight-d-eisenhower-school-for-national-security-and-resource-strategy,1
"Occupational Safety and Health Review Commission",06395c00-9252-418b-afcc-1128ef4d1c59,/agencies/occupational-safety-and-health-review-commission,1
"U.S. Department of the Interior",8d5bd503-5ac7-418b-ba1f-bfcb8f90c88d,/agencies/u-s-department-of-the-interior,1
"Asociación Nacional Gubernamental Hipotecaria (Ginnie Mae)",314a418c-327a-498d-a3ef-497878a2275b,/agencias/asociacion-nacional-gubernamental-hipotecaria-ginnie-mae,1
"Advisory Council on Historic Preservation",287054b0-68c4-490e-a9a0-e960774081a5,/agencies/advisory-council-on-historic-preservation,1
"U.S. Court of Appeals for Veterans Claims",3101b9b7-7865-4523-a67e-c36d1f976957,/agencies/u-s-court-of-appeals-for-veterans-claims,1
"Center for Nutrition Policy and Promotion",4e8a50b5-9c0e-46ca-b1dd-077d722b32a7,/agencies/center-for-nutrition-policy-and-promotion,1
"U.S. Air Force Reserve Command",f4c9f15e-f623-4f1f-8558-bc74abfa7549,/agencies/u-s-air-force-reserve-command,1
"Institute of Education Sciences",fe356e49-039d-46af-b6c8-180b3e15c067,/agencies/institute-of-education-sciences,1
"Office of Management and Budget",6a656f7f-9871-42b3-a7c8-6f4d4e302b37,/agencies/office-of-management-and-budget,1
"U.S. Department of Transportation",a88f5996-854b-4f89-9abf-411d87cd6d99,/agencies/u-s-department-of-transportation,1
"Oficina de Publicaciones del Gobierno de Estados Unidos",6c2f8921-449c-4cc9-bab6-7f6cc2794393,/agencias/oficina-de-publicaciones-del-gobierno-de-estados-unidos,1
"U.S. Agency for International Development",1668b3cc-94a1-4bb3-bd9b-b582d4712917,/agencies/u-s-agency-for-international-development,1
"Court of International Trade",c369555e-dcc4-4329-816e-4af8420e8d5f,/agencies/court-of-international-trade,1
"Child Welfare Information Gateway",e38814c3-50f3-4fad-a17a-a7b12b898606,/agencies/child-welfare-information-gateway,
"Bureau of the Fiscal Service",bfb4e7ce-2f72-41cd-beb1-e4a43d880992,/agencies/bureau-of-the-fiscal-service,1
"Interagency Alternative Dispute Resolution Working Group",b2317138-9c69-482e-83cf-18e950932b80,/agencies/interagency-alternative-dispute-resolution-working-group,1
"Office of Refugee Resettlement",d3e213ba-8750-46a6-9f86-1abbf84572e4,/agencies/office-of-refugee-resettlement,1
"Federal Communications Commission",f1c7280b-bbbb-41fb-99d6-e23547ca27f1,/agencies/federal-communications-commission,1
"Agencia para la Investigación y la Calidad del Cuidado de la Salud",1a3406a2-8561-4f3a-945b-96746360aa7f,/agencias/agencia-para-la-investigacion-y-la-calidad-del-cuidado-de-la-salud,1
"Appalachian Regional Commission",35dac9c9-9d40-4855-8105-6c30be0d1086,/agencies/appalachian-regional-commission,1
"Defense Acquisition University",c07242a7-b920-4310-a567-53d31693de1c,/agencies/defense-acquisition-university,1
"Consumer Center",e5462a50-a1b8-493e-89b8-55fdb8103e3a,/agencies/consumer-center,
"Council of the Inspectors General on Integrity and Efficiency",ba918429-2406-4388-b410-97ee73d1a580,/agencies/council-of-the-inspectors-general-on-integrity-and-efficiency,1
"Inter-American Foundation",7354e23f-5d93-4da4-8422-f7c45ba92b74,/agencies/inter-american-foundation,1
"Office of Scientific and Technical Information",f1c9b6aa-a1d9-49ec-9e05-88b7d36edbb5,/agencies/office-of-scientific-and-technical-information,1
"Federal Reserve System",d58b5325-44d9-40dc-bde2-afda091b4869,/agencies/federal-reserve-system,1
"Junta de Jubilación de Empleados Ferroviarios",1ddfcb2c-68a3-4b9b-854f-98f489d4133c,/agencias/junta-de-jubilacion-de-empleados-ferroviarios,1
"U.S. Chemical Safety Board",265eaab9-5726-484c-810a-29c74bb3befc,/agencies/u-s-chemical-safety-board,1
"Defense Commissary Agency",10fe1f2a-ce70-4147-b9bd-0b83a5fd0def,/agencies/defense-commissary-agency,1
"U.S. Department of Veterans Affairs",dcdf9ffa-fbf2-4bb4-a3e2-658c836ceaf1,/agencies/u-s-department-of-veterans-affairs,1
"Defense Finance and Accounting Service Garnishment Operations Center",a6debaf1-4d0c-46ad-aa03-f62a025e82ec,/agencies/defense-finance-and-accounting-service-garnishment-operations-center,
"James Madison Memorial Fellowship Foundation",98c3d932-09d7-4a62-ac0d-5b4e9d719e31,/agencies/james-madison-memorial-fellowship-foundation,1
"Office of the Director of National Intelligence",170b7adc-1232-4f11-92f3-4b3e9d53ddd7,/agencies/office-of-the-director-of-national-intelligence,1
"General Services Administration",1638d543-dea7-4839-85f0-5119bdf8a82e,/agencies/general-services-administration,1
"Oficina de Justicia Juvenil y Prevención de la Delincuencia",384d9259-5701-4b7c-8a73-3693234dc58e,/agencias/oficina-de-justicia-juvenil-y-prevencion-de-la-delincuencia,1
AmeriCorps,77b8efc8-80ea-407e-bbcf-2a6f874071a8,/agencies/americorps,1
"Defense Contract Management Agency",25e4303d-76a8-4750-8608-6a2cb6636aa1,/agencies/defense-contract-management-agency,1
"Employee Benefits Security Administration",563a7fe9-6204-44b3-a886-a9d38107e44b,/agencies/employee-benefits-security-administration,1
"Administration for Community Living",8ac5fc39-5865-4f4a-b5c7-0df8406e16d8,/agencies/administration-for-community-living,1
"John F. Kennedy Center for the Performing Arts",2bc3d043-9c60-407f-bed6-c898e2156ec2,/agencies/john-f-kennedy-center-for-the-performing-arts,1
"U.S. Indo-Pacific Command",bdc30723-0107-4ec4-945a-5a9e2c229b4b,/agencies/u-s-indo-pacific-command,1
"Pension Benefit Guaranty Corporation",898c3aa3-f45e-4929-92c5-d64cc16a590a,/agencies/pension-benefit-guaranty-corporation,1
"Servicio de Inspección Sanitaria de Animales y Plantas",74d514af-2458-4a7f-bccd-da2f38ea7c28,/agencias/servicio-de-inspeccion-sanitaria-de-animales-y-plantas,1
"División de Pesos y Medidas",74d7cd6f-8758-4e2b-8cde-6e9e1ed1015e,/agencias/division-de-pesos-y-medidas,1
"Apoyo de los Empleadores a la Guardia Nacional y la Reserva",a4967bfd-1408-405b-8f4d-43770d20e08b,/agencias/apoyo-de-los-empleadores-a-la-guardia-nacional-y-la-reserva,
"Centro de Publicaciones",de4acaae-f208-41ea-a7c0-38fe98a5fc33,/agencias/centro-de-publicaciones,1
"Oficina de Servicios para Ciudadanos en el Exterior",76fa1049-6aae-4adf-9960-6fc28b23db59,/agencias/oficina-de-servicios-para-ciudadanos-en-el-exterior,1
"Ley para Estadounidenses con Discapacidades",83f0ebc3-e33d-499c-b9de-7ffd302e1f8d,/agencias/ley-para-estadounidenses-con-discapacidades,1
"Localizador de Cuidados de Personas Mayores",a48ddf06-6c75-4128-9fb2-079a6c137e79,/agencias/localizador-de-cuidados-de-personas-mayores,1
"Centro de Información sobre el Bienestar de Menores",15b05ece-3ae1-4794-b183-f02939a8c6dc,/agencias/centro-de-informacion-sobre-el-bienestar-de-menores,1
"Centro Nacional de Prevención e Información",bf1537bb-f479-46aa-8600-402a1a85109d,/agencias/centro-nacional-de-prevencion-e-informacion,1
"Centro Nacional de Información de Salud",28eda86d-a071-4570-886f-19a6e355caea,/agencias/centro-nacional-de-informacion-de-salud,1
"Línea de Fraude de HHS",25fcf271-7bac-4c65-815d-b5fa46ae5040,/agencias/linea-de-fraude-de-hhs,1
"Oficina de Derechos Civiles",af1be76a-a6ea-4299-a190-dfb5f60c3920,/agencias/oficina-de-derechos-civiles,1
"Administración Federal de Vivienda",7ac45457-36aa-4fc7-868d-e626d27c655a,/agencias/administracion-federal-de-vivienda,1
"Oficina de Ley de Procedimientos de Liquidación de Bienes Raíces",0886228f-6819-48c3-a679-edab5d76b84f,/agencias/oficina-de-ley-de-procedimientos-de-liquidacion-de-bienes-raices,1
"Programa de Viviendas Prefabricadas",e3eb9c5b-2cb4-4747-bd8a-1ba25f202c21,/agencias/programa-de-viviendas-prefabricadas,1
"Oficina de Grabado e Impresión",3d91b8f2-c609-4d3e-938b-66aae30af0ab,/agencias/oficina-de-grabado-e-impresion,1
"Administración de Empleo y Capacitación",831c600e-0071-41fc-9d28-9e55d40a4687,/agencias/administracion-de-empleo-y-capacitacion,1
"Servicio de Empleo y Capacitación para Veteranos",167c6175-75c1-4e9b-8083-0b1410f4f4ae,/agencias/servicio-de-empleo-y-capacitacion-para-veteranos,1
"Comisión de Asistencia Electoral de EE.UU.",adf4c9a5-5b1a-4066-b5c1-655082c2a112,/agencias/comision-de-asistencia-electoral-de-ee-uu,1
"Guardia Nacional",c9973596-fcb0-4921-bfb7-e29c3a5df0a2,/agencias/guardia-nacional,1
"Oficina de Administración de Energía Oceánica",c20a6158-af3e-4e41-a3af-e901b3e6b59c,/agencias/oficina-de-administracion-de-energia-oceanica,1
"Servicio de Control de Inmigración y Aduanas",504c172f-3aa1-45e3-a81f-c99de083f8ea,/agencias/servicio-de-control-de-inmigracion-y-aduanas,1
"Fuerza Aérea de EE. UU.",a71082fb-1cb7-4586-86f5-ff73eaf5e9f4,/agencias/fuerza-aerea-de-ee-uu,1
"Bureau of Consular Affairs",e4182cb5-7e19-4beb-8589-ba75deae4763,/agencies/bureau-of-consular-affairs,1
"Joint Board for the Enrollment of Actuaries",a9eefff1-75e9-4d25-b355-033a81903300,/agencies/joint-board-for-the-enrollment-of-actuaries,1
"Office of the Pardon Attorney",afe071fe-d031-464d-a918-12a556b5cdc7,/agencies/office-of-the-pardon-attorney,1
"Securities and Exchange Commission",14341f5b-4328-4731-8ae7-98def0bb7752,/agencies/securities-and-exchange-commission,1
"Oficina de Minería de Superficie",c668acab-7f2d-4a24-8670-191f3c3fe1e2,/agencias/oficina-de-mineria-de-superficie,1
"Defense Nuclear Facilities Safety Board",07bdeedc-41e9-470a-8678-78cf02b4e095,/agencies/defense-nuclear-facilities-safety-board,1
"Defense Legal Services Agency",25bda17c-f832-4d83-978c-a5f9fa358e62,/agencies/defense-legal-services-agency,
"Equal Employment Opportunity Commission",64775680-6072-4831-b014-3792c53a6a8d,/agencies/equal-employment-opportunity-commission,1
"Instituto Nacional de Alfabetización",65339416-9c96-41cb-9993-4af0dad14fae,/agencias/instituto-nacional-de-alfabetizacion,1
"Joint Congressional Committee on Inaugural Ceremonies",40d5774a-ed99-4cf0-8aa0-7c6f5eb7e836,/agencies/joint-congressional-committee-on-inaugural-ceremonies,1
"Pentagon Force Protection Agency",23056d8b-3309-4415-b9fe-b3bb3f258995,/agencies/pentagon-force-protection-agency,1
"U.S. Postal Service",75f6e3b3-d857-470b-861d-016ed962d232,/agencies/u-s-postal-service,1
"Administración Nacional de Aeronáutica y el Espacio",38bdecdb-21a8-422d-bf05-09165ea0a54b,/agencias/administracion-nacional-de-aeronautica-y-el-espacio,1
"Farm Credit Administration",556892a0-b913-44e6-ae90-0b912cec8655,/agencies/farm-credit-administration,1
"Defense Counterintelligence and Security Agency",872992b2-751e-4f26-aa73-f93e41c28a44,/agencies/defense-counterintelligence-and-security-agency,1
"Federal Emergency Management Agency",fe732688-8da0-457d-a1ca-8c34eaf2e5cc,/agencies/federal-emergency-management-agency,1
"Instituto Nacional de Artritis y Enfermedades Musculoesqueléticas y la Piel",137a8527-8b08-4bc0-af36-1ec4b1860bf7,/agencias/instituto-nacional-de-artritis-y-enfermedades-musculoesqueleticas-y-la-piel,1
"Joint Forces Staff College",9ee0d198-cee6-4948-9597-0af27a974ba5,/agencies/joint-forces-staff-college,1
"Office of Policy Development and Research",95a2e1c6-6bf4-4099-8d3d-daa677b18321,/agencies/office-of-policy-development-and-research,1
"Office of the Federal Register",ddc46448-7dc8-42b3-badb-00756f2fa82d,/agencies/office-of-the-federal-register,1
"Instituto Nacional de Trastornos Neurológicos y Accidentes Cerebrovascular",8916714f-d83c-4a98-8173-784122496b53,/agencias/instituto-nacional-de-trastornos-neurologicos-y-accidentes-cerebrovascular,1
"Federal Energy Regulatory Commission",2465201b-678e-411d-bb61-07f8c7c0ab74,/agencies/federal-energy-regulatory-commission,1
"Defense Threat Reduction Agency",9c1b53a7-ded1-4b2e-82df-32961bc6eb9d,/agencies/defense-threat-reduction-agency,1
"Federal Reserve Consumer Help",3b267255-5245-4e29-9a72-7fdb942355a7,/agencies/federal-reserve-consumer-help,
"Administración Federal de Aviación",f876e349-97b3-43cd-91f8-b7431745a0cb,/agencias/administracion-federal-de-aviacion,1
"U.S. Courts of Appeal",f0c6c33a-080b-4145-bc01-d2c5ffc5ce88,/agencies/u-s-courts-of-appeal,1
"Postal Regulatory Commission",af487ed4-7109-4b77-92a2-349e603de68b,/agencies/postal-regulatory-commission,1
"Administrative Office of the U.S. Courts",d25aaebc-07c7-4fe7-b874-fa019c9a3ad5,/agencies/administrative-office-of-the-u-s-courts,1
"Instituto Nacional para la Seguridad y Salud Ocupacional",4223f2a0-dc0d-426e-9ca1-710d3a0f9b9d,/agencias/instituto-nacional-para-la-seguridad-y-salud-ocupacional,1
"Federal Housing Finance Agency",d00c8a62-b4e1-48de-9569-6f52cb299df5,/agencies/federal-housing-finance-agency,1
"Denali Commission",be1935b0-902a-49ec-abad-455a3cbf1282,/agencies/denali-commission,1
"Fish and Wildlife Service",cd68a8fb-fa49-4267-b2f6-4dfb2e26a082,/agencies/fish-and-wildlife-service,1
"Administración de Seguridad de Beneficios de los Empleados",bd362a3e-b2d9-4197-8a33-d743db75e3a4,/agencias/administracion-de-seguridad-de-beneficios-de-los-empleados,1
"Office of Justice Programs",2eab6314-ad7c-416b-ae19-3e5eace43180,/agencies/office-of-justice-programs,1
"Presidio Trust",8bd6fd69-2d78-434e-a12e-360f590c25ef,/agencies/presidio-trust,1
"Agency for Toxic Substances and Disease Registry",f58e05f4-3ddf-4887-850d-d2198f368015,/agencies/agency-for-toxic-substances-and-disease-registry,1
"Oficina del Asesor Legal Especial de EE.UU.",d2c3495e-291e-4afa-b1e3-1020b29ae8fc,/agencias/oficina-del-asesor-legal-especial-de-ee-uu,1
"Federal Maritime Commission",04cb7d4b-651f-483e-a973-8a7b3b07e8e8,/agencies/federal-maritime-commission,1
"Economic Growth, Energy, and the Environment",f50fe990-9b8f-430d-b739-c88bebd103e6,/agencies/economic-growth-energy-and-the-environment,1
"Food and Nutrition Service",d5764da4-4a76-4b09-bbe4-05af14062b9b,/agencies/food-and-nutrition-service,1
"Biblioteca del Congreso, División Hispánica",a6797a4c-c6de-41cd-85d1-1a68c79d4d28,/agencias/biblioteca-del-congreso-division-hispanica,1
"Legal Services Corporation",45b4bcfd-2563-4dcb-84b9-3def9ee30637,/agencies/legal-services-corporation,1
"Public and Indian Housing",19dd1085-5e82-4bf9-b216-d6d3cd94949d,/agencies/public-and-indian-housing,1
"Agricultural Research Service",d98b59a0-f551-45c5-a285-53fcad3f4af4,/agencies/agricultural-research-service,1
"Instituto Nacional del Ojo",eabc4529-4916-4900-9a94-7d02ee48c765,/agencias/instituto-nacional-del-ojo,1
"Federal National Mortgage Association (Fannie Mae)",fe1503dd-2f80-4083-a491-19b2b36662ef,/agencies/federal-national-mortgage-association-fannie-mae,1
"Economic Development Administration",7b63ea28-6654-40af-985c-f0aeccc2477e,/agencies/economic-development-administration,1
"HHS-TIPS Fraud Hotline",fbecfdba-a31b-425c-bcfb-cbc3ca4b54c3,/agencies/hhs-tips-fraud-hotline,
"Programa de Bonos de Ahorro del Tesoro de EE. UU.",2edf1b2a-6e73-4b2e-9be9-29ad821a5a59,/agencias/programa-de-bonos-de-ahorro-del-tesoro-de-ee-uu,1
"Marine Mammal Commission",c64b5406-7d84-457e-b497-7747cd369597,/agencies/marine-mammal-commission,1
"Radio Free Asia",860ae51e-f813-4060-a525-2c78507310a1,/agencies/radio-free-asia,1
"Bureau of Alcohol, Tobacco, Firearms and Explosives",225cc0f2-88d4-43e8-8418-977330e91c2f,/agencies/bureau-of-alcohol-tobacco-firearms-and-explosives,1
"Servicio de Parques Nacionales",c520570e-3c99-4cb7-9c3f-7becb30c94ff,/agencias/servicio-de-parques-nacionales,1
"Library of Congress",4ddb500a-bc18-46fd-8693-7fc7dee0b18f,/agencies/library-of-congress,1
"Endangered Species Program",f7fa17dd-19aa-4595-bc78-e13540aa933b,/agencies/endangered-species-program,1
"Job Corps",ab849b9c-6eb6-4f26-bb68-f6cf3cb6d702,/agencies/job-corps,1
"La Casa Blanca",7fd71fa0-368f-4436-a6d1-33b0e7caedec,/agencias/la-casa-blanca,1
"U.S. Marshals Service",6d38871d-8f53-4d47-8b14-5fa4632cf6a7,/agencies/u-s-marshals-service,1
"Regulatory Information Service Center",f0b0643d-ff9b-48f3-8150-b8ddb7d84e2b,/agencies/regulatory-information-service-center,
"National Railroad Passenger Corporation",1402e96e-0d1b-4c3a-aa1c-288694d550fc,/agencies/national-railroad-passenger-corporation,1
"Oficina de Administración de Personal",bf0870d3-6323-4ac2-810e-bf2b78f900dd,/agencias/oficina-de-administracion-de-personal,1
"Merit Systems Protection Board",d3e0f32d-d907-478f-898c-847fcca64fd7,/agencies/merit-systems-protection-board,1
"English Language Acquisition Office",77412300-c531-4f31-9871-a68b0021caeb,/agencies/english-language-acquisition-office,1
"National Council on Disability",44831a8a-902e-43a4-9967-c8c16c55f4af,/agencies/national-council-on-disability,1
"Oficina del Censo",f6dd4cf9-92f8-48ab-84d0-29b0853335cc,/agencias/oficina-del-censo,1
"Military Postal Service Agency",77aaabc2-4787-4258-90b0-f9dcee2ec392,/agencies/military-postal-service-agency,1
"Office of the Assistant Secretary for Research and Technology",76c28184-5e24-4c18-89c1-533581b77185,/agencies/office-of-the-assistant-secretary-for-research-and-technology,1
"Architect of the Capitol",b3140786-2108-4394-a8e3-c1448a655e9f,/agencies/architect-of-the-capitol,1
"Servicio Postal de EE. UU. – USPS",4e22c730-9b7b-4a46-b341-a77f55ed17bf,/agencias/servicio-postal-de-ee-uu-usps,1
"National Endowment for the Arts",ca80ba99-671c-438e-8271-e9cda2f6da81,/agencies/national-endowment-for-the-arts,1
"U.S. European Command",f25066c2-1dee-42ee-b89a-1512c88532e5,/agencies/u-s-european-command,1
"National Health Information Center",547be644-8f81-4096-80d4-98df4863b3a3,/agencies/national-health-information-center,1
"Fundación Nacional de Ciencias",141106bc-75e2-4703-acac-d6b70c62f979,/agencias/fundacion-nacional-de-ciencias,1
"Mine Safety and Health Administration",c7302c72-2952-4d67-9dd2-345ad9b558c8,/agencies/mine-safety-and-health-administration,1
"Rural Business and Cooperative Programs",3d269053-aa01-4087-a447-ee4983b18837,/agencies/rural-business-and-cooperative-programs,1
"Armed Forces Retirement Home",fbbc485e-0dbf-4a56-98a1-bc293fd9959d,/agencies/armed-forces-retirement-home,1
"Agencia de Protección Ambiental de Estados Unidos",7af391a0-a742-450e-bb89-71ab1bbd629b,/agencias/agencia-de-proteccion-ambiental-de-estados-unidos,1
"National Science Foundation",8dc5595b-ced3-47e3-9f14-525827f2f857,/agencies/national-science-foundation,1
"Office of Elementary and Secondary Education",11d02af4-d630-4efd-a433-a62c664b7b2a,/agencies/office-of-elementary-and-secondary-education,1
"National Institute of Allergy and Infectious Diseases",76662db3-88f6-443a-9f1a-53faa39cdc02,/agencies/national-institute-of-allergy-and-infectious-diseases,
"Servicio de Ciudadanía e Inmigración de Estados Unidos",519aae45-3631-40b3-8f5f-dbbb4f860c4d,/agencias/servicio-de-ciudadania-e-inmigracion-de-estados-unidos,1
"Missile Defense Agency",b37c27d8-ce11-4c66-b1b8-b58ab2e8cbd5,/agencies/missile-defense-agency,1
"Rural Housing Service",42bbe4a7-eb3b-46d5-ad54-0cf1c44a1655,/agencies/rural-housing-service,1
"U.S. Army",bc785540-6fe1-4d4d-927c-9217a6bdc2e5,/agencies/u-s-army,1
"Oficina de Recuperación",29fa3159-78c4-4240-bc58-43bdc54f3056,/agencias/oficina-de-recuperacion,1
"U.S. Nuclear Regulatory Commission",42bc639d-6863-4d45-a270-fd3c7eec5bc2,/agencies/u-s-nuclear-regulatory-commission,1
"Federal Accounting Standards Advisory Board",6264403f-30f8-49fc-bbca-764561704093,/agencies/federal-accounting-standards-advisory-board,1
"National Institute of Mental Health",c1b9cd69-a325-4693-bfa8-70b27e645302,/agencies/national-institute-of-mental-health,1
"Comisión Federal de Comercio",e49ccb29-3054-45d5-a914-c98337e2c5a8,/agencias/comision-federal-de-comercio,1
"Morris K. Udall and Stewart L. Udall Foundation",3e13f77d-3278-4516-b352-f8df039d1fe7,/agencies/morris-k-udall-and-stewart-l-udall-foundation,1
"Saint Lawrence Seaway Development Corporation",b6f09a23-96ea-4cf3-b95c-5d623d5a6f4e,/agencies/saint-lawrence-seaway-development-corporation,1
"National Institute of Arthritis, Musculoskeletal and Skin Diseases",1ff5533b-3902-4562-9575-6c3ca285d925,/agencies/national-institute-of-arthritis-musculoskeletal-and-skin-diseases,1
"Oficina del Representante Comercial de EE. UU.",d0b9dd70-eb83-4f9f-843f-2330e75a51d3,/agencias/oficina-del-representante-comercial-de-ee-uu,1
"U.S. International Development Finance Corporation",542d0860-f56b-4214-acfb-d50062720189,/agencies/u-s-international-development-finance-corporation,1
"Federal Consulting Group",7906d8ea-13f0-418b-b5ab-8e8f03405a26,/agencies/federal-consulting-group,1
"National Passport Information Center",85cb176a-1599-4c70-a8b8-61e359a13edd,/agencies/national-passport-information-center,1
"Comisión de Derechos Civiles de Estados Unidos",e7a82a3a-a875-4213-b724-2752e3d8020c,/agencias/comision-de-derechos-civiles-de-estados-unidos,1
"National Aeronautics and Space Administration",d9c26e46-246e-471c-846c-402da98b6285,/agencies/national-aeronautics-and-space-administration,1
"Secret Service",12bb1a02-977f-4283-b830-215d48771249,/agencies/secret-service,1
"Bankruptcy Courts",0e36958b-0b7a-4e6d-8f6a-f46431fc222a,/agencies/bankruptcy-courts,1
"Instituto Nacional de la Salud Mental",1055867e-707a-4b21-9164-4a2002bd2786,/agencias/instituto-nacional-de-la-salud-mental,1
"President's Council on Fitness, Sports and Nutrition",454187c7-aa30-434b-8e11-bfb312b4e588,/agencies/president-s-council-on-fitness-sports-and-nutrition,1
"Federal Financial Institutions Examination Council",d5b97ab9-ff2f-41ed-80c8-fa55d49653d5,/agencies/federal-financial-institutions-examination-council,1
"National Runaway Safeline",b26dec2d-31ea-417a-b98f-f83238302eac,/agencies/national-runaway-safeline,
"Comité Especial del Senado de EE. UU. para la Vejez",f95e76a3-d2a8-4608-b368-2ff063c20bcf,/agencias/comite-especial-del-senado-de-ee-uu-para-la-vejez,1
"National Archives and Records Administration",2579d388-d218-4fab-bfbe-343014c3ef10,/agencies/national-archives-and-records-administration,1
"Smithsonian Institution",b2db649d-34e0-4a9d-b1a1-60b2765c5981,/agencies/smithsonian-institution,1
"Bonneville Power Administration",0a91ea52-c1b4-4a4f-809b-ae3a24946819,/agencies/bonneville-power-administration,1
"Administración Nacional de Seguridad del Tráfico en las Carreteras",aa70c212-5110-45a0-b21c-04e990474cf6,/agencias/administracion-nacional-de-seguridad-del-trafico-en-las-carreteras,1
"Selective Service System",e71e2e8b-38bf-47ba-b523-5f0e142655c8,/agencies/selective-service-system,1
"Federal Geographic Data Committee",c24fc088-21d0-411b-807d-8eb28d383754,/agencies/federal-geographic-data-committee,1
"Occupational Safety and Health Administration",6bdffb18-482e-4595-a2c8-d5fb32745677,/agencies/occupational-safety-and-health-administration,1
"Administración Nacional de Cooperativas de Crédito",f8b10ddb-aa8e-4513-aced-b103968f2670,/agencias/administracion-nacional-de-cooperativas-de-credito,1
"National Defense University",2db5ff9e-ea14-4b50-98a4-ecc3e9bd7875,/agencies/national-defense-university,1
"Southeastern Power Administration",d35eb99f-f6ef-4c55-96e9-9e28019e685d,/agencies/southeastern-power-administration,1
"U.S. Agency for Global Media",ff69a401-a160-419d-9d1b-6979cefaccd9,/agencies/u-s-agency-for-global-media,1
"Junta Nacional de Seguridad en el Transporte",383bbe04-93ba-4c57-8d34-13e1dbbb3620,/agencias/junta-nacional-de-seguridad-en-el-transporte,1
"U.S. Access Board",69299d83-bb4f-417c-9d20-fc4078e31ff0,/agencies/u-s-access-board,1
"Interagency Committee for the Management of Noxious and Exotic Weeds",7f595371-34f4-4ad1-a71e-5bbcd000e2b2,/agencies/interagency-committee-for-the-management-of-noxious-and-exotic-weeds,1
"Office of Child Support Enforcement",9856d4fc-8ce5-4406-b228-686690e83bbf,/agencies/office-of-child-support-enforcement,1
"Programa de Cupones para Alimentos",75897999-b3f0-4380-bc0e-8f770013a754,/agencias/programa-de-cupones-para-alimentos,1
"National Geospatial-Intelligence Agency",306bfc17-b31d-4801-928e-db527a7f6a92,/agencies/national-geospatial-intelligence-agency,1
"Southwestern Power Administration",41cd3539-4684-4253-add1-f0a0a8a6f23d,/agencies/southwestern-power-administration,1
"Bureau of Economic Analysis",034c599c-9fcc-4d19-9788-012a6d6603f5,/agencies/bureau-of-economic-analysis,1
"Senado de Estados Unidos",c3d783b5-a9ea-4a99-b09d-87978c684967,/agencias/senado-de-estados-unidos,1
"U.S. Department of Commerce",ae348bd4-3741-43c2-9034-6294b10a64da,/agencies/u-s-department-of-commerce,1
"Federal Judicial Center",f18fe384-682c-46de-9e37-36cba22ee54b,/agencies/federal-judicial-center,1
"Office of Investor Education and Advocacy",aa5e40d4-c6e6-429a-b94a-f5596c7b3f66,/agencies/office-of-investor-education-and-advocacy,1
"Departamento de Agricultura",590e5a10-df98-43e4-8104-66d351047b0f,/agencias/departamento-de-agricultura,1
"National Indian Gaming Commission",1d4574b4-fe6d-41a4-be1c-92433fa8c1f4,/agencies/national-indian-gaming-commission,1
"State Justice Institute",4fc0adf0-6893-44fc-82dc-e0fb79c004a3,/agencies/state-justice-institute,1
"Bureau of Industry and Security",26340e60-6e05-4b15-be1f-58803ab3cc22,/agencies/bureau-of-industry-and-security,1
"Corporación para el Servicio Nacional y Comunitario",19c5c7ce-a414-4b6b-b5f4-24fa92a252d4,/agencias/corporacion-para-el-servicio-nacional-y-comunitario,1
"National Institute of Occupational Safety and Health",7889f5a0-1099-4550-ac15-be79dc5aef9c,/agencies/national-institute-of-occupational-safety-and-health,1
"Federal Law Enforcement Training Center",40ac7d03-8f94-4b36-b5fd-f4933e68d338,/agencies/federal-law-enforcement-training-center,1
"Office of Postsecondary Education",65deac42-33fb-4a0f-af2f-499e96fc91da,/agencies/office-of-postsecondary-education,1
"Departamento de Defensa",945d4638-1c1d-461a-b534-b3e250c4d947,/agencias/departamento-de-defensa,1
"National Institute of Standards and Technology",e935f654-f484-4825-9404-5da104c3a716,/agencies/national-institute-of-standards-and-technology,1
"U.S. Strategic Command",caf0f180-37cf-4c30-b031-ab50473dcf1c,/agencies/u-s-strategic-command,1
"Bureau of Labor Statistics",6bb84af7-0173-44a1-bb69-9edf95797e71,/agencies/bureau-of-labor-statistics,1
"Instituto Nacional de la Sordera y Otros Trastornos de la Comunicación",a8ade5d2-52b0-4068-bc69-47dc7139d4b9,/agencias/instituto-nacional-de-la-sordera-y-otros-trastornos-de-la-comunicacion,1
"Bureau of Justice Statistics",86a0fc4d-02ca-46bd-b46d-294c211904c8,/agencies/bureau-of-justice-statistics,1
"Federal Mediation and Conciliation Service",de60a61f-dfc6-46d5-8493-ecb7321f83f8,/agencies/federal-mediation-and-conciliation-service,1
"Office of Special Education and Rehabilitative Services",389a2d52-abc4-49b4-a0d9-c7f80c5baea2,/agencies/office-of-special-education-and-rehabilitative-services,1
"Departamento de Energía – DOE",646a3709-0da8-4adf-8d06-ecf40d600bdd,/agencias/departamento-de-energia-doe,1
"National Laboratories",40f7b6f2-abc9-4527-8684-26b18af79a49,/agencies/national-laboratories,1
"Supreme Court of the United States",83fd4e3f-89d0-4dee-a8c5-90b049821c7d,/agencies/supreme-court-of-the-united-states,1
"Bureau of Prisons",068bd3b6-b215-4e1e-8e2c-c2ae4c498514,/agencies/bureau-of-prisons,1
"Oficina de Administración de Tierras",656e5939-76b0-43b2-a997-279486168cae,/agencias/oficina-de-administracion-de-tierras,1
"Drug Enforcement Administration",415e0890-9ef0-4b32-acfb-211c9016d317,/agencies/drug-enforcement-administration,1
"Federal Railroad Administration",7f9bf97d-5044-421f-a7f8-fc38f2afc10e,/agencies/federal-railroad-administration,1
"Office of Career, Technical, and Adult Education",1adf3960-80db-4909-b041-08e54b744791,/agencies/office-of-career-technical-and-adult-education,1
"Departamento del Interior",e8af9b5e-8784-4930-be46-2bef09daea3c,/agencias/departamento-del-interior,1
"NOAA Fisheries",e9b1bdef-811b-44a3-8c57-f9fd62459ab6,/agencies/noaa-fisheries,1
"Surface Transportation Board",e8ed39c7-ba55-42d8-bf61-3291f61e4d3b,/agencies/surface-transportation-board,1
"Bureau of Transportation Statistics",16c4090c-5125-4e9c-ae48-398920f5ca82,/agencies/bureau-of-transportation-statistics,1
"Comisión de Bolsa y Valores",adc68843-dc3c-4e2d-a4da-4661e86e99bb,/agencias/comision-de-bolsa-y-valores,1
"Employment and Training Administration",1fa6b99a-eb22-4afe-84f9-29ee8a16711b,/agencies/employment-and-training-administration,1
"Federal Student Aid Information Center",2296ffc0-9c80-42f7-90dd-7dedb3bc0ae9,/agencies/federal-student-aid-information-center,1
"Public Affairs",4d51e39c-6d9d-48a0-918f-893188a45f8d,/agencies/public-affairs,
"Departamento de Salud y Servicios Humanos",e5b7aa32-49b7-4a0d-b000-57ee47163623,/agencias/departamento-de-salud-y-servicios-humanos,1
"National Nuclear Security Administration",2b98131c-de71-4b9f-9af0-b14ff4ada234,/agencies/national-nuclear-security-administration,1
"Tax Court",0aea8270-2302-4857-be3f-6520032c2656,/agencies/tax-court,1
"U.S. Central Command",3a98c7ed-4f86-4904-bc2d-1b9fc11d8b1f,/agencies/u-s-central-command,1
"Voz de América",5aa12ab4-b90a-4680-acf4-2a66dfa6e1ec,/agencias/voz-de-america,1
"Americans with Disabilities Act Information Line",13ad51e7-9b3d-46c1-8afd-124ab2e53dfd,/agencies/americans-with-disabilities-act-information-line,
"Oficina de Servicios Fiscales",21eabf37-42c7-4de6-801a-75104154e846,/agencias/oficina-de-servicios-fiscales,1
"Surplus Federal Property Sales",b8a52cdf-4c70-41b6-a07a-de71c884cb6e,/agencies/surplus-federal-property-sales,
"Departamento del Tesoro",fc46eebf-9688-4032-be63-b864edeaf564,/agencias/departamento-del-tesoro,1
"National Ocean Service",83dc4083-ceac-4b79-9335-655dafb339ca,/agencies/national-ocean-service,1
"U.S. Transportation Command",d9f83b47-7f67-4ca0-ad80-59f544bcc6f1,/agencies/u-s-transportation-command,1
"Chief Financial Officers Council",63b9efa7-d803-4308-8f01-2c5df3bd8f48,/agencies/chief-financial-officers-council,1
"Programa de Intérpretes de las Cortes de EE. UU.",175c3915-ea79-431c-b2eb-32a019852120,/agencias/programa-de-interpretes-de-las-cortes-de-ee-uu,1
USAGov,5c62ad52-1c30-4dba-b6e9-db47aa2e5559,/agencies/usagov,1
"Foreign Agricultural Service",f5729215-4291-4b77-9270-de756d39704b,/agencies/foreign-agricultural-service,1
"Transportation Security Administration",ab117760-9b66-4eea-afcd-488c2b2fa79a,/agencies/transportation-security-administration,1
"Departamento de Transporte",fdcebfba-11db-4818-be06-e5abf4246a87,/agencias/departamento-de-transporte,1
"National Park Service",a36dc2e8-53f1-49c2-ba94-3be7ad5944df,/agencies/national-park-service,1
"U.S. Capitol Visitor Center",14bd6c29-fabf-47b2-9310-10fc98c4cf30,/agencies/u-s-capitol-visitor-center,1
"Chief Information Officers Council",ca6ab64f-306e-455e-8f01-ce1ed3a2df86,/agencies/chief-information-officers-council,1
"Centro de Información Nacional sobre Pesticidas",85171be6-5eee-48c6-b53f-1fe9c14a5523,/agencias/centro-de-informacion-nacional-sobre-pesticidas,1
"Indoor Environments Division",3c0aaf8f-8a7f-402d-b048-7e73e0a377e6,/agencies/indoor-environments-division,
"Forest Service",072c9d31-7ee0-4496-8ec0-34127ded977b,/agencies/forest-service,1
"U.S. Trustee Program",8aa044ed-1f1e-4c42-95f7-b08a26369c00,/agencies/u-s-trustee-program,1
"Departamento de Vivienda y Desarrollo Urbano de EE. UU.",24829ae7-f366-46d7-b7f8-3abb03e3a564,/agencias/departamento-de-vivienda-y-desarrollo-urbano-de-ee-uu,1
"National Security Agency",dff6ccc4-be6d-4297-9c8b-93e14a72fac5,/agencies/national-security-agency,1
"U.S. International Trade Commission",b58babb5-7f78-4a6e-b2e5-e2a41a9ce213,/agencies/u-s-international-trade-commission,1
"U.S. Coast Guard",1e8f2b23-5d4f-4789-8433-b76da7ae4bca,/agencies/u-s-coast-guard,1
"División de Calidad del Aire Interior",34b1419b-0952-4486-9725-76490cb226cf,/agencias/division-de-calidad-del-aire-interior,1
"Office for Civil Rights, Department of Health and Human Services",879452a6-dca1-4b82-9255-70691dfc0977,/agencies/office-for-civil-rights-department-of-health-and-human-services,1
"Fulbright Foreign Scholarship Board",07260d27-81ed-43c7-98cb-24d136961159,/agencies/fulbright-foreign-scholarship-board,1
"U.S. Patent and Trademark Office",9e1a5bf8-e5c8-480a-8388-3eb7d71bfebb,/agencies/u-s-patent-and-trademark-office,1
"División de Derechos Civiles",5802a77d-f502-479f-a3a6-8704267627fa,/agencias/division-de-derechos-civiles,1
"National Technical Information Service",0abc4567-7ffd-4c4a-a4b0-169f26fdefa2,/agencies/national-technical-information-service,1
"U.S. Mission to the United Nations",2dc6e4c4-649f-4dac-819c-3e0cc1e26e73,/agencies/u-s-mission-to-the-united-nations,1
"Commission on Security and Cooperation in Europe (Helsinki Commission)",750618ed-9fe0-4aa0-98f2-98fdb1cf1626,/agencies/commission-on-security-and-cooperation-in-europe-helsinki-commission,1
"Programa ENERGY STAR",b97fb513-f0a3-4505-9198-f2a54eedbe28,/agencias/programa-energy-star,1
"Office of RESPA and Interstate Land Sales",6db65668-d991-42fc-9a5d-6ccc331ecb10,/agencies/office-of-respa-and-interstate-land-sales,
"Government Accountability Office",eb9030eb-c293-4f1b-9205-d603e919bf47,/agencies/government-accountability-office,1
"Veterans Benefits Administration",6e0bd160-1fef-4cc9-a9ff-6a873ec132cb,/agencies/veterans-benefits-administration,1
"Agencia de EE. UU. para el Desarrollo Internacional",e741d43f-f83d-47d6-8ead-0c510724f318,/agencias/agencia-de-ee-uu-para-el-desarrollo-internacional,1
"National War College",3bc56f00-fdb5-4664-8789-16ff8f8cc901,/agencies/national-war-college,1
"U.S. Sentencing Commission",a9e37b2c-a187-45a4-aa6c-cef1a70567d5,/agencies/u-s-sentencing-commission,1
"Committee for the Implementation of Textile Agreements",41eba1e0-758d-48e3-ad22-9059f96a71c8,/agencies/committee-for-the-implementation-of-textile-agreements,1
"Oficina de Educación y Asistencia a los Inversionistas",fdcf12b0-91d5-4f8e-91b5-f35bd9264742,/agencias/oficina-de-educacion-y-asistencia-a-los-inversionistas,1
"Seafood Inspection Program",477e717f-a125-4620-97a6-37b0cc9dab7a,/agencies/seafood-inspection-program,1
"Government Publishing Office",9727e12d-9192-4fe5-945a-2aa2cb7cffa1,/agencies/government-publishing-office,1
"Visa Services",5169214b-9152-4dfb-82e5-8e37c647edd2,/agencies/visa-services,
"Administración de Alimentos y Medicamentos",3b6686d7-117e-4738-a752-9b3f214fb09d,/agencias/administracion-de-alimentos-y-medicamentos,1
"Natural Resources Conservation Service",74dbbe7e-590c-4a40-abf8-534c759f4e10,/agencies/natural-resources-conservation-service,1
"U.S. Trade Representative",c86a31f3-52dd-46ab-9165-3d16eda68f5e,/agencies/u-s-trade-representative,1
"Community Oriented Policing Services",11a7c9f9-a29e-472c-a3a4-fdee6b85ea41,/agencies/community-oriented-policing-services,1
"Consejo de Accesibilidad de Servicios Públicos de Estados Unidos",5bbb7174-65c2-4f00-991a-4a0c41959a9d,/agencias/consejo-de-accesibilidad-de-servicios-publicos-de-estados-unidos,1
"U.S. Customs and Border Protection",ceab1a20-3451-4f52-b24c-9e3ce3da8099,/agencies/u-s-customs-and-border-protection,1
"Harry S. Truman Scholarship Foundation",864e9e24-efe1-47a6-979f-65c8ac6aebed,/agencies/harry-s-truman-scholarship-foundation,1
"Consumer Product Safety Commission",bb12de6a-ce39-415f-834c-94cb8fc16b6b,/agencies/consumer-product-safety-commission,1
"Embajadas y consulados de EE. UU. en el extranjero",a2358548-e8cc-49c1-98a7-ac9797eb345b,/agencias/embajadas-y-consulados-de-ee-uu-en-el-extranjero,1
"U.S. Northern Command",cf61b9f1-a849-49f4-9726-7324d1d7099f,/agencies/u-s-northern-command,1
"Uniformed Services University of the Health Sciences",db0304b9-fa20-4914-bb3e-f90f47410208,/agencies/uniformed-services-university-of-the-health-sciences,1
"Computer Emergency Readiness Team",9909b06d-58f5-4acc-b067-99816560a772,/agencies/computer-emergency-readiness-team,1
"Centro de Políticas y Promoción de la Nutrición",cdadd00d-2a84-4e7a-a404-98444bc6ddfb,/agencias/centro-de-politicas-y-promocion-de-la-nutricion,1
"Medicaid and CHIP Payment and Access Commission",599be5e9-95a2-41e8-b22c-2000772a5b48,/agencies/medicaid-and-chip-payment-and-access-commission,1
"Holocaust Memorial Museum",e6427790-b35e-4685-9db6-80bf1361e065,/agencies/holocaust-memorial-museum,1
"U.S. Department of Education",47d27b5b-de90-4e03-8520-e2fd76ea83eb,/agencies/u-s-department-of-education,1
"Comisión para la Igualdad de Oportunidades en el Empleo",b76810fb-4894-4eb3-b0a2-1bba0366d696,/agencias/comision-para-la-igualdad-de-oportunidades-en-el-empleo,1
"Veterans Day National Committee",4f505c7b-71f1-4c22-a983-ddf89cf7e8ff,/agencies/veterans-day-national-committee,1
"Congressional Research Service",aa4a9b97-59f5-4092-a248-31f1f6f5c2f8,/agencies/congressional-research-service,1
"U.S. Capitol Police",7e86bcf8-e2a9-4397-823e-3a1c9f09490b,/agencies/u-s-capitol-police,1
"House Office of the Clerk",8d9b8e2e-7340-4f89-b643-d607a54162bf,/agencies/house-office-of-the-clerk,1
"U.S. Department of Health and Human Services",302c3aba-3368-40bd-aae7-7058f4707890,/agencies/u-s-department-of-health-and-human-services,1
"Administración de Asuntos de Niños y Familias",ab363342-7f54-4a5d-ab8c-08978635c683,/agencias/administracion-de-asuntos-de-ninos-y-familias,1
"Western Area Power Administration",a75e0f35-49c8-4d00-9b05-5527844ac7aa,/agencies/western-area-power-administration,1
"Copyright Office",eb762f27-4b78-4384-84b1-ea173c4d0dba,/agencies/copyright-office,1
"Joint Program Executive Office for Chemical and Biological Defense",4595ef41-7f39-410a-9d73-f19ff45f0bbd,/agencies/joint-program-executive-office-for-chemical-and-biological-defense,1
"Office of Housing",d7988dca-f90c-47b7-9e7e-db8ccbf38243,/agencies/office-of-housing,1
"Office of Nuclear Energy",a12bfe65-c79d-4687-baf2-bf864852b34a,/agencies/office-of-nuclear-energy,1
"U.S. Department of Housing and Urban Development",cad0f95d-9845-4b34-b7e8-d10b0777854e,/agencies/u-s-department-of-housing-and-urban-development,1
"Servicio Geológico de Estados Unidos",cbc96f57-06f0-47f3-ae7d-10ad5e9f3624,/agencias/servicio-geologico-de-estados-unidos,1
"Commission on Presidential Scholars",f672d7c0-ce9a-43e1-8810-e5c0a1bbb8ca,/agencies/commission-on-presidential-scholars,1
"Council on Environmental Quality",7c82eeed-5095-416b-b354-658db40b805b,/agencies/council-on-environmental-quality,1
HIV.gov,d4d0a90f-5892-46f9-81b0-ed610f010bc1,/agencies/hiv-gov,
"Bureau of Safety and Environmental Enforcement",0343b9f6-a8e6-4d30-882c-9c4b2cd1701e,/agencies/bureau-of-safety-and-environmental-enforcement,1
"Indian Health Service",f0850c7e-8c73-4863-8350-cfe6e3d3437c,/agencies/indian-health-service,1
"Oak Ridge National Laboratory",e3a6274e-94f5-4afc-8a28-a282723b2415,/agencies/oak-ridge-national-laboratory,1
"U.S. Department of State",55be0a14-a492-4bf0-9eca-e9bc71011737,/agencies/u-s-department-of-state,1
"Guardacostas de EE. UU.",7021d4a3-130b-4168-80ed-b81c85fe0a6f,/agencias/guardacostas-de-ee-uu,1
"Woodrow Wilson International Center for Scholars",f0b3f05b-37fd-440e-b385-e2f98fb54204,/agencies/woodrow-wilson-international-center-for-scholars,1
"Court of Appeals for the Federal Circuit",44e4721a-780f-4411-8777-fb7209b555af,/agencies/court-of-appeals-for-the-federal-circuit,1
"CDC National STD Hotline",6b40a952-43aa-43e2-9451-6b22555e7e4b,/agencies/cdc-national-std-hotline,
"Federal Protective Service",3bef71d3-1047-4687-a712-900c1b9eacd8,/agencies/federal-protective-service,1
"College of Information and Cyberspace",7fce7d15-05dc-43d4-8144-5201eb93c94c,/agencies/college-of-information-and-cyberspace,1
"Office of Congressional Workplace Rights",5b250ba9-e147-4b7a-a2b1-5513a69a4e80,/agencies/office-of-congressional-workplace-rights,1
"U.S. Department of the Treasury",7ee36aa6-f8b1-465a-baca-c4b6a25ddfc9,/agencies/u-s-department-of-the-treasury,1
"Agencia de Estados Unidos para los Medios Globales",6ed7922d-7fd8-458a-8906-dcb71de877e6,/agencias/agencia-de-estados-unidos-para-los-medios-globales,1
"African Development Foundation",e4f6a748-9412-4d54-b68a-c467ce1d8e56,/agencies/african-development-foundation,1
"Court of Federal Claims",8cd3eaad-63f0-4886-86ee-3780c49220a2,/agencies/court-of-federal-claims,1
"Centers for Disease Control and Prevention",48c9db68-3332-43ba-a845-b22e5e2c0cd9,/agencies/centers-for-disease-control-and-prevention,1
"Office of Servicemember Affairs",c74692ae-6d42-48ff-a27d-88414350754a,/agencies/office-of-servicemember-affairs,1
"Institute of Peace",773203fb-2a7d-4aee-8e37-1bf6cfa91243,/agencies/institute-of-peace,1
"Office of National Drug Control Policy",e0cbe692-011f-4cc7-893f-19b45b88c88b,/agencies/office-of-national-drug-control-policy,1
"Environmental Protection Agency",b03b70b6-5457-43e9-b09b-9e8560df6696,/agencies/environmental-protection-agency,1
"Fundación Interamericana",414fb18b-f5ee-4430-8914-5500fb584e00,/agencias/fundacion-interamericana,1
"American Battle Monuments Commission",36c8694a-b3de-4ae5-917b-3a7b686fdbdf,/agencies/american-battle-monuments-commission,1
"Court Services and Offender Supervision Agency for the District of Columbia",fd47df97-1739-4589-bbe3-c8e45dbac4a7,/agencies/court-services-and-offender-supervision-agency-for-the-district-of-columbia,1
"Commission on Civil Rights",4c929f97-8a36-496e-9926-a8c405b25508,/agencies/commission-on-civil-rights,1
"National Institute of Corrections",afb0b9ec-65d0-4412-b71f-8e9ac7efaabd,/agencies/national-institute-of-corrections,1
"Interagency Council on Homelessness",3ab9b24d-1ce1-460e-bf4f-823440d1b901,/agencies/interagency-council-on-homelessness,1
"Office of Science and Technology Policy",64125963-68bd-4d1e-ab37-71cb4bdd1314,/agencies/office-of-science-and-technology-policy,1
"Federal Deposit Insurance Corporation",fecc25a3-3862-4982-94fc-b69d32856cd5,/agencies/federal-deposit-insurance-corporation,1
"Servicio de Impuestos Internos",d8cfe436-c5a2-40da-af16-c58680a0effe,/agencias/servicio-de-impuestos-internos,1
"Central Intelligence Agency",b80e4755-e4b9-4d5e-b1a4-a1228bd76b8a,/agencies/central-intelligence-agency,1
"Defense Advanced Research Projects Agency",e21c4e16-6a70-40c4-82d5-ddd723f2dc83,/agencies/defense-advanced-research-projects-agency,1
"Pension Benefit Guarantee Corporation",5a285c5e-8c69-44d2-811a-f9d5769b8b23,/agencies/pension-benefit-guarantee-corporation,
"Bureau of Engraving and Printing",160e218e-fc61-464a-88d8-ee686160c475,/agencies/bureau-of-engraving-and-printing,1
"International Trade Administration",2ce51224-c385-4b3f-9d69-5628230a2d14,/agencies/international-trade-administration,1
"Office of Special Counsel",e08e1ffc-6aa3-477b-b0da-f5504122e23d,/agencies/office-of-special-counsel,1
"Federal Trade Commission",0294d66c-8377-42e7-b279-41c94273fa95,/agencies/federal-trade-commission,1
"Junta Nacional de Relaciones Laborales",0758253c-f737-4e8b-968a-3a211fff1f0c,/agencias/junta-nacional-de-relaciones-laborales,1
"U.S. Commission of Fine Arts",b6d5d08b-40c4-4b98-b0de-c7fc41c0ce71,/agencies/u-s-commission-of-fine-arts,1
"Defense Contract Audit Agency",1aa220f5-31a2-457b-aa31-391891c8a5c8,/agencies/defense-contract-audit-agency,1
"Eldercare Locator",bdf10fcb-d0bc-45fa-84b8-0d019ea74abf,/agencies/eldercare-locator,
"Defense Finance and Accounting Service Debt and Claims Management Center",a55cf6cc-c74a-4727-87fc-fffa815b8ce8,/agencies/defense-finance-and-accounting-service-debt-and-claims-management-center,1
"Japan-United States Friendship Commission",2fce5750-c64f-418e-a153-dbbcc268cf0f,/agencies/japan-united-states-friendship-commission,1
"Congressional Office for International Leadership",274748c6-9080-4ab0-80c5-30ace345f9b5,/agencies/congressional-office-for-international-leadership,1
"National Credit Union Administration",faf47415-8be3-4d8b-ab6a-ec7ff0100e21,/agencies/national-credit-union-administration,1
"Marina de Guerra de Estados Unidos",cce7852c-2fb0-4f4c-a75a-a2fe0c1f9e6d,/agencias/marina-de-guerra-de-estados-unidos,1
"Defense Finance and Accounting Service",0c90970a-a639-4018-9f2d-62a231d4bd16,/agencies/defense-finance-and-accounting-service,1
"Defense Information Systems Agency",18155e87-50c7-446a-85e0-64acd7834761,/agencies/defense-information-systems-agency,1
"Energy Efficiency and Renewable Energy",b97fe050-9a75-4d2d-b761-5a09b74fe210,/agencies/energy-efficiency-and-renewable-energy,
